Client,Age,Tenure,M,Count_CA,Count_SA,Count_MF,Count_OVD,Count_CC,Count_CL,ActBal_CA,ActBal_SA,ActBal_MF,ActBal_OVD,ActBal_CC,ActBal_CL,VolumeCred,VolumeCred_CA,TransactionsCred,TransactionsCred_CA,VolumeDeb,VolumeDeb_CA,VolumeDebCash_Card,VolumeDebCashless_Card,VolumeDeb_PaymentOrder,TransactionsDeb,TransactionsDeb_CA,TransactionsDebCash_Card,TransactionsDebCashless_Card,TransactionsDeb_PaymentOrder,Actbal_CA_avg,ActBal_SA_avg,ActBal_MF_avg,ActBal_OVD_avg,ActBal_CC_avg,ActBal_CL_avg,Sale_CL_pred,Sale_CL_pred_value
267,73.0,36,0.0,1,0.0,0.0,0.0,0.0,0.0,0.0,0.0,0.0,0.0,0.0,0.0,648.7796429,648.7796429,2,2,199.81071430000003,199.81071430000003,35.71428571,130.8464286,31.5,12,12,1,7,2,0.0,0.0,0.0,0.0,0.0,0.0,1.0,9.638559264059833
1243,78.0,51,1.0,2,0.0,3.0,0.0,0.0,0.0,1.291428571,0.0,8745.785714,0.0,0.0,0.0,1213.003929,1213.003929,2,2,1262.75,1262.75,357.14285710000007,0.0,862.7142857000001,17,17,3,0,9,0.6457142855,0.0,2915.2619046666664,0.0,0.0,0.0,1.0,10.02841839100311
919,29.0,5,0.0,1,0.0,0.0,1.0,0.0,0.0,254.0117857,0.0,0.0,0.0,0.0,0.0,919.0260714,898.6085714,9,7,927.6385713999999,898.8892857000003,278.57142860000005,157.6721429,438.7282143,26,22,4,7,8,254.0117857,0.0,0.0,0.0,0.0,0.0,1.0,9.017609110447182
144,67.0,104,1.0,1,0.0,0.0,0.0,0.0,0.0,1214.792143,0.0,0.0,0.0,0.0,0.0,178.57357140000005,178.57357140000005,2,2,42.42857143,42.42857143,14.28571429,28.14285714,0.0,3,3,1,2,0,1214.792143,0.0,0.0,0.0,0.0,0.0,1.0,11.002694740341559
1440,29.0,96,1.0,1,0.0,0.0,1.0,0.0,0.0,1380.6664289999999,0.0,0.0,152.2775,0.0,0.0,682.6764286,601.965,12,10,763.1885714,682.6535713999998,114.2857143,211.4421429,271.42857139999995,41,34,5,20,3,1380.6664289999999,0.0,0.0,152.2775,0.0,0.0,1.0,9.433778576289049
426,42.0,10,1.0,1,0.0,0.0,0.0,0.0,0.0,515.7646428999999,0.0,0.0,0.0,0.0,0.0,2163.401429,2163.401429,3,3,473.4642857,473.4642857,178.5714286,0.0,291.64285710000007,15,15,5,0,6,515.7646428999999,0.0,0.0,0.0,0.0,0.0,1.0,9.664629732464162
595,25.0,75,1.0,1,0.0,0.0,0.0,0.0,0.0,126.9225,0.0,0.0,0.0,0.0,0.0,499.5367857,499.5367857,2,2,518.3214286,518.3214286,514.2857143,0.0,0.0,12,12,8,0,0,126.9225,0.0,0.0,0.0,0.0,0.0,1.0,8.799753804214019
1546,37.0,82,0.0,1,0.0,0.0,0.0,0.0,0.0,13574.35679,0.0,0.0,0.0,0.0,0.0,0.00035714285710000004,0.00035714285710000004,1,1,87.17857143,87.17857143,0.0,43.85714286,39.92857143,11,11,0,8,2,13574.35679,0.0,0.0,0.0,0.0,0.0,1.0,10.220262933269474
231,27.0,216,1.0,2,0.0,0.0,1.0,0.0,0.0,113.78107140000002,0.0,0.0,0.0,0.0,0.0,899.3146429,857.4328571000003,8,6,886.3235714,844.4635714,392.85714289999993,123.65357140000002,284.1782143000001,24,22,2,9,7,56.89053570000001,0.0,0.0,0.0,0.0,0.0,1.0,8.977310910352397
504,20.0,55,1.0,1,0.0,0.0,0.0,0.0,0.0,20.95,0.0,0.0,0.0,0.0,0.0,1099.4825,1099.4825,2,2,5698.346429,5698.346429,2892.857143,2168.025,438.57142860000016,29,29,6,11,7,20.95,0.0,0.0,0.0,0.0,0.0,1.0,8.280542181732958
756,29.0,149,1.0,1,0.0,3.0,1.0,1.0,1.0,1782.36,0.0,2322.801071,250.8803571,966.6189286,3141.9,5619.950714,4429.792857,37,30,6812.080356999999,4438.271429,867.8571429,911.5635714,832.8014286,86,53,6,23,14,1782.36,0.0,774.2670236666668,250.8803571,966.6189286,3141.9,1.0,9.53495799761637
1088,41.0,10,1.0,1,0.0,0.0,0.0,0.0,0.0,2118.586429,0.0,0.0,0.0,0.0,0.0,1722.781786,1722.781786,4,4,505.68785710000003,505.68785710000003,35.71428571,71.27,395.31071430000003,8,8,1,2,4,2118.586429,0.0,0.0,0.0,0.0,0.0,1.0,9.918041480501143
57,28.0,157,1.0,1,0.0,0.0,0.0,0.0,0.0,1155.26,0.0,0.0,0.0,0.0,0.0,134.3575,134.3575,20,20,183.735,183.735,107.1428571,34.735,36.57142857,6,6,1,2,1,1155.26,0.0,0.0,0.0,0.0,0.0,1.0,9.415808667312776
1510,19.0,44,1.0,1,0.0,0.0,1.0,1.0,0.0,0.0,0.0,0.0,0.0,1400.9185710000006,0.0,21684.49571,21682.11964,7,3,13882.46429,13880.10714,0.0,0.0,13875.0,18,14,0,0,12,0.0,0.0,0.0,0.0,1400.9185710000006,0.0,1.0,7.702790957810603
350,42.77063642091998,218,0.0,1,0.0,0.0,1.0,0.0,0.0,0.0,0.0,0.0,0.0,0.0,0.0,2467.1257140000002,1664.491429,28,22,2338.375357,1539.491429,375.0,0.0,357.75,36,20,4,0,7,0.0,0.0,0.0,0.0,0.0,0.0,1.0,8.659037462747973
1300,41.0,150,1.0,1,0.0,0.0,1.0,0.0,0.0,0.0,0.0,0.0,0.0,0.0,0.0,157.1503571,157.1503571,2,2,327.7142857,327.7142857,121.42857140000001,0.0,206.0714286,8,8,4,0,3,0.0,0.0,0.0,0.0,0.0,0.0,1.0,8.537366139135203
459,41.0,154,0.0,1,0.0,0.0,0.0,0.0,0.0,8.997857143,0.0,0.0,0.0,0.0,0.0,782.9675,782.9675,2,2,582.8285714,582.8285714,53.57142857,0.0,522.2928571,17,17,1,0,13,8.997857143,0.0,0.0,0.0,0.0,0.0,1.0,8.973903025500986
674,31.0,263,0.0,1,0.0,0.0,1.0,0.0,0.0,16362.983209999999,0.0,0.0,745.5571428999997,0.0,0.0,1552.6810710000002,1552.6810710000002,10,10,1480.431429,1480.431429,289.2857143,458.7528571,732.1785714,39,39,3,22,13,16362.983209999999,0.0,0.0,745.5571428999997,0.0,0.0,1.0,10.190664089111777
1543,27.0,152,1.0,1,1.0,4.0,0.0,0.0,0.0,0.3882142857,4679.489286,0.0,0.0,0.0,0.0,4963.836429,2535.916429,17,10,2584.351071,2540.405357,0.0,95.22857143,35.71428571,20,10,0,6,1,0.3882142857,4679.489286,0.0,0.0,0.0,0.0,1.0,8.110850960082264
1614,48.0,65,1.0,1,0.0,0.0,0.0,0.0,0.0,0.01035714286,0.0,0.0,0.0,0.0,0.0,591.2164286000002,591.2164286000002,3,3,527.9257143,527.9257143,125.0,167.4971429,194.1785714,15,15,1,8,3,0.01035714286,0.0,0.0,0.0,0.0,0.0,1.0,8.717796599016719
1551,3.0,15,0.0,1,0.0,0.0,1.0,0.0,0.0,0.0,0.0,0.0,44.62285714,0.0,0.0,67.49857143,67.45535714,5,4,471.87892860000005,404.42535710000004,107.1428571,61.81071429,232.03571430000002,13,10,1,5,2,0.0,0.0,0.0,44.62285714,0.0,0.0,1.0,7.177087374627966
331,43.0,160,0.0,1,0.0,0.0,0.0,0.0,0.0,0.0,0.0,0.0,0.0,0.0,0.0,535.72,535.72,2,2,729.19,729.19,471.42857139999995,249.0114286,0.0,36,36,13,16,0,0.0,0.0,0.0,0.0,0.0,0.0,1.0,8.617406951237712
228,38.0,158,0.0,1,1.0,0.0,0.0,0.0,0.0,10138.79,1.109285714,0.0,0.0,0.0,0.0,1428.594286,1428.594286,2,2,900.8928571,900.8928571,357.14285710000007,208.96428569999998,330.9285713999999,12,12,1,2,7,10138.79,1.109285714,0.0,0.0,0.0,0.0,1.0,10.27523493086869
383,31.0,3,0.0,1,0.0,0.0,1.0,0.0,2.0,695.5,0.0,0.0,40.25714286,0.0,353.0857143,2272.357143,2212.006429,28,27,2580.751429,2578.6442859999997,1428.5714289999999,320.74642860000006,605.0714286,31,30,2,10,12,695.5,0.0,0.0,40.25714286,0.0,176.54285715,1.0,9.288288599223549
1227,39.0,122,0.0,1,2.0,0.0,0.0,0.0,0.0,106.74321429999999,35945.74357,0.0,0.0,0.0,0.0,948.0632142999999,928.5771428999999,3,2,1793.285714,1793.285714,1428.5714289999999,50.35714286,297.35714289999993,13,13,2,1,8,106.74321429999999,17972.871785,0.0,0.0,0.0,0.0,1.0,9.334581604090964
456,66.0,18,1.0,1,0.0,4.0,0.0,0.0,0.0,0.0,0.0,86589.77107,0.0,0.0,0.0,1953.654643,1953.654643,5,5,2375.166429,2375.166429,71.42857143,1381.987857,921.75,20,20,1,11,8,0.0,0.0,21647.4427675,0.0,0.0,0.0,1.0,9.347566624151291
329,18.0,149,0.0,1,1.0,0.0,0.0,0.0,0.0,0.0,7837.599286,0.0,0.0,0.0,0.0,264.3471429,192.8571429,5,3,299.9114286,192.7685714,114.2857143,0.0,7.142857143,5,4,2,0,1,0.0,7837.599286,0.0,0.0,0.0,0.0,1.0,7.751985320120278
1365,39.0,227,0.0,1,1.0,0.0,0.0,0.0,0.0,5130.735357000001,3772.054286,0.0,0.0,0.0,0.0,1586.864643,1586.7510710000001,9,8,1735.682143,1664.2535710000002,428.57142860000016,8.860714286,1221.4285710000001,40,38,15,1,8,5130.735357000001,3772.054286,0.0,0.0,0.0,0.0,1.0,10.238728289866938
1443,40.0,152,0.0,1,0.0,0.0,1.0,0.0,1.0,2159.653929,0.0,0.0,0.0,0.0,9107.142856999999,760.0767857000003,544.1221429,3,2,1922.342857,1919.521429,1042.857143,626.7714286,13.60714286,45,44,16,11,1,2159.653929,0.0,0.0,0.0,0.0,9107.142856999999,1.0,10.020145504600164
535,39.0,151,1.0,1,1.0,0.0,0.0,0.0,0.0,9.636428571,104847.1275,0.0,0.0,0.0,0.0,1917.677143,1913.758214,8,7,3200.0,3200.0,2857.142857,0.0,333.6785713999999,10,10,2,0,7,9.636428571,104847.1275,0.0,0.0,0.0,0.0,1.0,8.908898593109173
1174,59.0,35,0.0,1,0.0,0.0,0.0,0.0,0.0,1.522142857,0.0,0.0,0.0,0.0,0.0,2115.8610710000007,2115.8610710000007,5,5,2243.785714,2243.785714,0.0,0.0,2239.285714,12,12,0,0,10,1.522142857,0.0,0.0,0.0,0.0,0.0,1.0,9.277737081261755
258,73.0,182,1.0,1,0.0,0.0,0.0,0.0,0.0,0.0,0.0,0.0,0.0,0.0,0.0,1447.768571,1447.768571,2,2,1977.8214289999999,1977.8214289999999,1500.0,0.0,474.2142857,9,9,3,0,5,0.0,0.0,0.0,0.0,0.0,0.0,1.0,9.778062859871008
474,19.0,75,0.0,1,0.0,0.0,1.0,0.0,0.0,37.07535714,0.0,0.0,0.0,0.0,0.0,723.1857143,723.1857143,2,2,761.8928571,761.8928571,517.8571429,0.0,240.78571430000002,12,12,5,0,3,37.07535714,0.0,0.0,0.0,0.0,0.0,1.0,8.361386716842281
246,62.0,0,1.0,2,0.0,0.0,0.0,0.0,1.0,2588.3489289999998,0.0,0.0,0.0,0.0,229.35857140000002,1190.157857,1128.182143,5,4,1128.989286,1126.1678570000001,317.85714289999993,169.9178571,515.3214286,37,36,4,16,14,1294.1744644999999,0.0,0.0,0.0,0.0,229.35857140000002,1.0,10.843356949266038
1064,39.0,98,1.0,1,0.0,1.0,0.0,1.0,0.0,23.85642857,0.0,52133.855,0.0,0.0,0.0,1314.155714,1068.573929,11,5,1216.635,1120.420714,53.57142857,106.1071429,820.9285714,20,14,2,6,7,23.85642857,0.0,52133.855,0.0,0.0,0.0,1.0,9.02490359200077
523,38.0,0,0.0,1,0.0,0.0,0.0,0.0,0.0,7041.8525,0.0,0.0,0.0,0.0,0.0,132.14321429999998,132.14321429999998,3,3,163.6821429,163.6821429,60.71428571,65.64642857,37.32142857,11,11,5,4,2,7041.8525,0.0,0.0,0.0,0.0,0.0,1.0,10.039527293504374
780,19.0,127,1.0,1,0.0,0.0,1.0,1.0,0.0,184.8096429,0.0,0.0,0.0,641.7617857000001,0.0,1239.380357,789.23,23,16,1109.3167859999999,760.6585713999997,142.8571429,0.0,164.8214286,32,15,5,0,5,184.8096429,0.0,0.0,0.0,641.7617857000001,0.0,1.0,8.696846824265693
1120,37.0,178,1.0,1,0.0,0.0,0.0,0.0,0.0,10688.8075,0.0,0.0,0.0,0.0,0.0,35.71428571,35.71428571,1,1,34.64,34.64,10.71428571,23.92571429,0.0,2,2,1,1,0,10688.8075,0.0,0.0,0.0,0.0,0.0,1.0,10.264762221713982
797,37.0,151,0.0,1,1.0,4.0,0.0,0.0,0.0,1409.805,26478.288930000002,3020.640714,0.0,0.0,0.0,1778.6664289999999,1061.265,8,5,1478.821071,1478.821071,857.1428571,0.0,545.1782142999998,15,15,2,0,11,1409.805,26478.288930000002,755.1601785,0.0,0.0,0.0,1.0,9.807265939336162
1493,42.77063642091998,183,1.0,1,0.0,0.0,0.0,0.0,0.0,9493.4025,0.0,0.0,0.0,0.0,0.0,989.5010714,989.5010714,4,4,1079.341071,1079.341071,428.57142860000016,244.07321430000002,284.89285710000007,26,26,4,11,8,9493.4025,0.0,0.0,0.0,0.0,0.0,1.0,10.48885855994039
699,37.0,175,1.0,1,0.0,4.0,1.0,0.0,0.0,1823.057143,0.0,18491.44429,0.0,0.0,0.0,1033.496071,778.37,8,6,661.4832142999999,566.1260714,89.28571429,0.0,216.8928571,13,10,2,0,5,1823.057143,0.0,4622.8610725,0.0,0.0,0.0,1.0,9.88422191952483
1578,30.0,131,1.0,1,0.0,0.0,0.0,0.0,0.0,125.0478571,0.0,0.0,0.0,0.0,0.0,470.50428569999997,470.50428569999997,2,2,586.9057142999999,586.9057142999999,89.28571429,160.5128571,333.7142857,22,22,2,12,7,125.0478571,0.0,0.0,0.0,0.0,0.0,1.0,9.031519179762903
1147,38.0,164,0.0,1,0.0,0.0,0.0,0.0,0.0,27.19535714,0.0,0.0,0.0,0.0,0.0,673.8225,673.8225,6,6,648.3921429,648.3921429,10.71428571,0.0,633.9635714,17,17,1,0,15,27.19535714,0.0,0.0,0.0,0.0,0.0,1.0,9.070996229118983
531,30.0,211,1.0,1,0.0,0.0,0.0,0.0,0.0,338.0025,0.0,0.0,0.0,0.0,0.0,0.002142857143,0.002142857143,1,1,107.9857143,107.9857143,71.42857143,36.55714286,0.0,10,10,1,9,0,338.0025,0.0,0.0,0.0,0.0,0.0,1.0,9.297988516886445
1314,34.0,138,1.0,1,0.0,0.0,1.0,0.0,0.0,3404.655357,0.0,0.0,0.0,0.0,0.0,640.7721429,469.4792857,11,8,505.2742857,432.3671429,146.4285714,33.28857143,77.60714286,22,18,4,5,3,3404.655357,0.0,0.0,0.0,0.0,0.0,1.0,9.857490829801637
933,17.0,102,0.0,1,0.0,0.0,1.0,0.0,0.0,1624.863214,0.0,0.0,0.0,0.0,0.0,1417.8614289999994,1417.8614289999994,5,5,579.9289286000002,579.9289286000002,35.71428571,276.3932143,267.8214286,19,19,1,14,4,1624.863214,0.0,0.0,0.0,0.0,0.0,1.0,9.013480109181899
352,38.0,194,1.0,1,1.0,0.0,0.0,0.0,0.0,1833.338214,219368.6464,0.0,0.0,0.0,0.0,421.76392860000004,413.0110714,4,2,424.22607139999997,424.22607139999997,142.8571429,196.6903571,81.28571429,14,14,1,8,4,1833.338214,219368.6464,0.0,0.0,0.0,0.0,1.0,9.944647163657327
785,42.77063642091998,179,1.0,1,0.0,0.0,1.0,0.0,0.0,6478.5075,0.0,0.0,0.0,0.0,0.0,14587.096430000001,14092.655709999999,24,20,2603.055357,2109.55,571.4285714,330.75214289999997,709.0,36,29,3,11,8,6478.5075,0.0,0.0,0.0,0.0,0.0,1.0,10.400456712728115
1173,35.0,65,0.0,1,0.0,0.0,0.0,0.0,0.0,2501.676071,0.0,0.0,0.0,0.0,0.0,557.9289286000002,557.9289286000002,4,4,562.1071429,562.1071429,557.1428571,0.0,0.0,6,6,3,0,0,2501.676071,0.0,0.0,0.0,0.0,0.0,1.0,9.763201649546486
1516,40.0,192,0.0,1,0.0,0.0,0.0,1.0,0.0,1471.539286,0.0,0.0,0.0,0.0,0.0,1379.6917859999999,949.7407142999999,11,4,1943.851071,1572.6385710000006,160.71428569999995,364.9267857,1408.531429,41,13,2,23,10,1471.539286,0.0,0.0,0.0,0.0,0.0,1.0,9.97807986533086
862,29.0,152,1.0,1,0.0,0.0,0.0,0.0,0.0,3.5835714289999996,0.0,0.0,0.0,0.0,0.0,253.5725,253.5725,2,2,232.02142859999998,232.02142859999998,125.0,104.41428570000001,0.0,17,17,5,8,0,3.5835714289999996,0.0,0.0,0.0,0.0,0.0,1.0,8.392997452501907
931,40.0,63,1.0,1,0.0,0.0,0.0,0.0,0.0,10349.92,0.0,0.0,0.0,0.0,0.0,361.60821430000004,361.60821430000004,4,4,357.2142857,357.2142857,260.7142857,67.25,29.25,22,22,12,9,1,10349.92,0.0,0.0,0.0,0.0,0.0,1.0,10.268307506563831
1194,32.0,149,0.0,1,0.0,0.0,0.0,0.0,0.0,4.670357143,0.0,0.0,0.0,0.0,0.0,160.7153571,160.7153571,2,2,142.8571429,142.8571429,142.8571429,0.0,0.0,1,1,1,0,0,4.670357143,0.0,0.0,0.0,0.0,0.0,1.0,8.53526744406574
902,40.0,212,0.0,1,0.0,0.0,0.0,0.0,0.0,13482.236069999999,0.0,0.0,0.0,0.0,0.0,357.16214289999994,357.16214289999994,2,2,95.89285714,95.89285714,35.71428571,58.92857143,0.0,4,4,1,2,0,13482.236069999999,0.0,0.0,0.0,0.0,0.0,1.0,10.477488819195173
41,20.0,198,1.0,1,0.0,0.0,1.0,0.0,0.0,194.9557143,0.0,0.0,1373.342857,0.0,0.0,1638.6285710000002,1638.6285710000002,4,4,948.9107142999999,948.9107142999999,310.7142857,523.9107143,107.1428571,18,18,6,7,1,194.9557143,0.0,0.0,1373.342857,0.0,0.0,1.0,8.805014312318788
1134,35.0,96,0.0,1,0.0,0.0,1.0,0.0,1.0,2534.983571,0.0,0.0,0.0,0.0,4249.217857,2842.708929,2234.196429,31,28,3054.284643,2216.339286,364.2857143,191.7785714,681.0357142999999,66,40,6,12,11,2534.983571,0.0,0.0,0.0,0.0,4249.217857,1.0,9.795767737326933
1009,41.0,152,1.0,1,1.0,0.0,0.0,0.0,0.0,73.96714286,0.3785714286,0.0,0.0,0.0,0.0,272.16785710000005,271.43035710000004,5,4,249.46428569999998,249.46428569999998,71.42857143,0.0,175.4285714,7,7,1,0,5,73.96714286,0.3785714286,0.0,0.0,0.0,0.0,1.0,9.36716422997382
460,20.0,150,0.0,1,0.0,4.0,0.0,0.0,0.0,275.71642860000003,0.0,0.0,0.0,0.0,0.0,863.5235713999997,863.5235713999997,2,2,1188.1717859999999,1188.1717859999999,750.0,117.8146429,318.1785713999999,14,14,1,4,7,275.71642860000003,0.0,0.0,0.0,0.0,0.0,1.0,8.828296525444717
925,28.0,0,1.0,1,0.0,0.0,0.0,0.0,0.0,527.9432143,0.0,0.0,0.0,0.0,0.0,472.5007143,472.5007143,3,3,470.0357143,470.0357143,267.8571429,0.0,200.0,4,4,2,0,1,527.9432143,0.0,0.0,0.0,0.0,0.0,1.0,9.11717487404658
886,36.0,181,0.0,1,1.0,0.0,0.0,0.0,0.0,168.9046429,115074.5336,0.0,0.0,0.0,0.0,4881.583929,2899.991786,6,4,2691.632857,2691.632857,232.1428571,107.66857140000002,387.10714289999993,25,25,3,9,11,168.9046429,115074.5336,0.0,0.0,0.0,0.0,1.0,9.364082425361428
1295,32.0,162,1.0,1,0.0,0.0,1.0,1.0,1.0,1651.142857,0.0,0.0,901.6160714,216.9971429,301.5546429,890.6732142999997,737.9678571000003,6,2,931.2207142999999,867.3921429,178.5714286,207.9857143,16.51785714,21,15,2,8,3,1651.142857,0.0,0.0,901.6160714,216.9971429,301.5546429,1.0,9.65024414775051
834,28.0,78,0.0,1,0.0,0.0,1.0,0.0,1.0,4430.363214,0.0,0.0,0.0,0.0,2015.487857,3488.588214,2380.576071,23,20,3476.827143,2344.861786,267.8571429,155.6428571,752.7703571000003,42,23,5,6,8,4430.363214,0.0,0.0,0.0,0.0,2015.487857,1.0,9.614097786288944
1541,67.0,152,1.0,1,0.0,0.0,0.0,0.0,0.0,548.3846428999999,0.0,0.0,0.0,0.0,0.0,0.00035714285710000004,0.00035714285710000004,1,1,65.64642857,65.64642857,35.71428571,29.61071429,0.0,3,3,1,1,0,548.3846428999999,0.0,0.0,0.0,0.0,0.0,1.0,10.870975949536112
293,21.0,76,0.0,1,0.0,0.0,0.0,0.0,0.0,183.7814286,0.0,0.0,0.0,0.0,0.0,537.5003571000002,537.5003571000002,8,8,293.8464286,293.8464286,267.8571429,23.31071429,0.0,11,11,7,2,0,183.7814286,0.0,0.0,0.0,0.0,0.0,1.0,8.724106043105536
239,24.0,150,0.0,1,1.0,10.0,0.0,0.0,0.0,0.0,2.944285714,227237.1043,0.0,0.0,0.0,11.42464286,0.00035714285710000004,3,1,12.0,12.0,0.0,0.0,11.78571429,2,2,0,0,1,0.0,2.944285714,22723.710430000006,0.0,0.0,0.0,1.0,7.950996042992948
1332,37.0,209,1.0,1,0.0,0.0,1.0,0.0,0.0,0.0,0.0,0.0,516.2825,0.0,0.0,1314.707857,1314.707857,4,4,538.75,538.75,0.0,136.1785714,400.2857143,10,10,0,4,5,0.0,0.0,0.0,516.2825,0.0,0.0,1.0,8.445628134945162
1132,93.0,94,1.0,1,0.0,4.0,1.0,0.0,0.0,0.0,0.0,18725.753569999997,0.0,0.0,0.0,1842.348929,1842.348929,3,3,2729.234286,2729.234286,1250.0,523.8057143,953.2142857000001,46,46,8,18,16,0.0,0.0,4681.438392499998,0.0,0.0,0.0,1.0,10.522602508861294
188,30.0,53,0.0,1,0.0,0.0,1.0,0.0,0.0,748.6853571,0.0,0.0,0.0,0.0,0.0,2906.782143,1922.4571429999999,29,26,2869.128214,1922.4571429999999,185.71428569999998,238.73928569999998,508.5,56,33,4,14,8,748.6853571,0.0,0.0,0.0,0.0,0.0,1.0,9.310412181773241
1082,42.77063642091998,150,1.0,1,0.0,0.0,0.0,0.0,0.0,2725.113929,0.0,0.0,0.0,0.0,0.0,2270.422857,2270.422857,9,9,1944.868214,1944.868214,564.3678571,98.07142857,1273.6785710000001,30,30,7,6,10,2725.113929,0.0,0.0,0.0,0.0,0.0,1.0,10.18273093320488
1211,6.0,61,1.0,1,0.0,0.0,1.0,1.0,0.0,251.0271429,0.0,0.0,0.0,2.357142857,0.0,2171.725714,1416.1964289999999,26,20,2217.144643,1401.814286,178.5714286,103.2785714,442.28357139999997,45,18,5,4,6,251.0271429,0.0,0.0,0.0,2.357142857,0.0,1.0,8.237458822583003
607,20.0,151,0.0,1,2.0,3.0,1.0,1.0,0.0,364.10857139999996,1074.0725,0.0,0.0,490.7760714,0.0,1907.434643,1830.440357,6,2,1955.8939289999998,1607.57,357.14285710000007,326.50107139999994,1090.892857,34,15,2,16,9,364.10857139999996,537.03625,0.0,0.0,490.7760714,0.0,1.0,8.881855166089222
1553,35.0,87,0.0,1,0.0,0.0,0.0,0.0,0.0,108.7642857,0.0,0.0,0.0,0.0,0.0,1569.3653570000001,1569.3653570000001,6,6,2483.683571,2483.683571,599.9821429,1091.174286,747.4557143,58,58,8,27,16,108.7642857,0.0,0.0,0.0,0.0,0.0,1.0,9.153322299092519
1007,42.0,152,0.0,1,1.0,4.0,0.0,0.0,0.0,46.14892857,0.0007142857143,0.0,0.0,0.0,0.0,6349.919643,6336.001786,6,4,380.25,380.25,178.5714286,0.0,198.28571430000002,6,6,2,0,3,46.14892857,0.0007142857143,0.0,0.0,0.0,0.0,1.0,9.31329189468468
32,29.0,15,1.0,2,0.0,0.0,1.0,0.0,1.0,12295.25857,0.0,0.0,0.0,0.0,14708.571430000002,2402.402143,1591.587857,11,8,2303.747143,1591.587857,385.7142857,0.0,280.2857143,18,10,4,0,2,6147.629285,0.0,0.0,0.0,0.0,14708.571430000002,1.0,9.80462729126172
511,26.0,137,1.0,1,0.0,0.0,1.0,0.0,1.0,224.21392859999997,0.0,0.0,0.0,0.0,915.0682142999999,1292.188929,1198.4903570000001,4,3,1076.883214,1069.883214,357.14285710000007,130.2760714,472.92857139999995,30,28,4,9,12,224.21392859999997,0.0,0.0,0.0,0.0,915.0682142999999,1.0,8.999442558537961
1114,33.0,13,1.0,1,0.0,0.0,1.0,0.0,1.0,4102.243214,0.0,0.0,0.0,0.0,5177.691786,668.9489286,612.0035713999998,3,2,713.5714286,709.2142857000001,428.57142860000016,0.0,207.8928571,8,6,2,0,2,4102.243214,0.0,0.0,0.0,0.0,5177.691786,1.0,9.735565419368704
367,42.0,3,0.0,1,0.0,0.0,0.0,0.0,0.0,679.6328571,0.0,0.0,0.0,0.0,0.0,0.008928571429,0.008928571429,1,1,12.67857143,12.67857143,0.0,0.0,10.71428571,2,2,0,0,1,679.6328571,0.0,0.0,0.0,0.0,0.0,1.0,9.714729308027126
401,38.0,37,0.0,1,0.0,0.0,0.0,1.0,0.0,1439.324286,0.0,0.0,0.0,523.3464286000002,0.0,647.2542857000002,644.8639286,6,2,2710.29,2608.029286,1771.4285710000001,144.9607143,785.0435714,41,35,13,4,10,1439.324286,0.0,0.0,0.0,523.3464286000002,0.0,1.0,9.74218079239712
382,29.0,150,1.0,1,1.0,0.0,0.0,0.0,0.0,90.27,46085.245,0.0,0.0,0.0,0.0,0.2096428571,0.00035714285710000004,2,1,17.85714286,17.85714286,17.85714286,0.0,0.0,1,1,1,0,0,90.27,46085.245,0.0,0.0,0.0,0.0,1.0,8.94897451617647
566,40.0,161,1.0,2,1.0,0.0,0.0,1.0,3.0,577.8582142999999,22018.58643,0.0,0.0,474.37392860000006,2405.282857,16306.741069999998,11346.91036,18,8,14705.97107,9774.189286,114.2857143,516.4532143,5434.428571,47,22,3,18,16,288.92910714999994,22018.58643,0.0,0.0,474.37392860000006,801.7609523333334,1.0,9.75240731102405
235,26.0,146,0.0,1,0.0,0.0,0.0,0.0,1.0,253.8321429,0.0,0.0,0.0,0.0,1685.725,1037.659643,995.4771429,5,4,1122.4178570000001,1116.310714,357.14285710000007,27.58928571,506.7142857,24,22,1,2,15,253.8321429,0.0,0.0,0.0,0.0,1685.725,1.0,9.03134796150966
706,31.0,220,0.0,1,0.0,0.0,0.0,0.0,0.0,1405.127143,0.0,0.0,0.0,0.0,0.0,17.85821429,17.85821429,2,2,55.14285714,55.14285714,53.57142857,0.0,0.0,4,4,2,0,0,1405.127143,0.0,0.0,0.0,0.0,0.0,1.0,9.632513156638856
1480,24.0,89,1.0,1,0.0,0.0,0.0,0.0,0.0,235.32321430000002,0.0,0.0,0.0,0.0,0.0,786.855,786.855,9,9,1277.209643,1277.209643,267.8571429,331.79714289999987,677.3410713999998,65,65,6,46,12,235.32321430000002,0.0,0.0,0.0,0.0,0.0,1.0,8.891835575266095
70,38.0,152,1.0,1,0.0,0.0,0.0,0.0,0.0,346.48535710000016,0.0,0.0,0.0,0.0,0.0,1785.719286,1785.719286,3,3,1731.7975,1731.7975,632.1428571,130.4428571,937.6046428999999,19,19,4,3,10,346.48535710000016,0.0,0.0,0.0,0.0,0.0,1.0,9.559443173585546
1482,25.0,81,1.0,1,0.0,0.0,0.0,0.0,0.0,14.48214286,0.0,0.0,0.0,0.0,0.0,783.0735714,783.0735714,3,3,1024.6460710000001,1024.6460710000001,342.85714289999993,226.6460714,452.0,36,36,6,20,5,14.48214286,0.0,0.0,0.0,0.0,0.0,1.0,8.41374663370312
164,40.0,151,0.0,1,1.0,9.0,0.0,0.0,0.0,2690.460357,2579.983214,2851.120714,0.0,0.0,0.0,15.63035714,0.0825,2,1,3623.965,3623.965,107.1428571,595.0721428999999,2920.5,15,15,1,8,5,2690.460357,2579.983214,316.79119044444445,0.0,0.0,0.0,1.0,10.065939018534621
559,25.0,76,1.0,1,1.0,4.0,1.0,0.0,0.0,464.60714289999993,728.0439286000003,0.0,881.6967857000003,0.0,0.0,4090.926429,4066.39,6,4,1495.285714,1495.285714,714.2857142999999,231.03571430000002,549.9642857000001,9,9,2,1,6,464.60714289999993,728.0439286000003,0.0,881.6967857000003,0.0,0.0,1.0,9.047854702099015
1204,27.0,65,0.0,1,0.0,0.0,0.0,0.0,0.0,147.3178571,0.0,0.0,0.0,0.0,0.0,2364.433571,2364.433571,9,9,2728.263214,2728.263214,592.8571429,503.52392860000003,1075.214286,51,51,10,18,15,147.3178571,0.0,0.0,0.0,0.0,0.0,1.0,8.892556612522107
183,32.0,179,1.0,1,0.0,0.0,0.0,0.0,0.0,4726.620714,0.0,0.0,0.0,0.0,0.0,378.2507143,378.2507143,4,4,325.7764286000001,325.7764286000001,85.71428571,83.94535714,152.36678569999995,22,22,4,8,6,4726.620714,0.0,0.0,0.0,0.0,0.0,1.0,9.884866230802402
681,56.0,33,0.0,1,0.0,5.0,1.0,0.0,1.0,4976.04,0.0,46562.31071000001,0.0,0.0,9916.269643000001,2242.641429,1509.510357,14,11,2224.877143,1693.081786,71.42857143,215.6785714,203.1785714,23,13,1,2,4,4976.04,0.0,9312.462142,0.0,0.0,9916.269643000001,1.0,10.762507134513093
1119,22.0,177,0.0,1,0.0,7.0,1.0,0.0,0.0,3352.822143,0.0,0.0,0.0,0.0,0.0,2681.942857,2106.41,21,18,2965.727857,2347.890714,53.57142857,617.5907143,1097.588571,66,52,1,32,15,3352.822143,0.0,0.0,0.0,0.0,0.0,1.0,9.415025128930319
1263,69.0,103,1.0,1,0.0,0.0,1.0,1.0,1.0,0.0,0.0,0.0,1211.621071,2.357142857,4233.136071,1287.4164289999999,1087.5775,18,11,1188.171429,1063.8807140000001,0.0,31.755,471.5,30,21,0,2,10,0.0,0.0,0.0,1211.621071,2.357142857,4233.136071,1.0,9.54375308999914
54,38.0,149,1.0,1,0.0,0.0,0.0,0.0,1.0,4.55,0.0,0.0,0.0,0.0,7857.142856999999,864.5207142999999,721.4321428999997,3,2,663.4678571000002,647.7892857,0.0,0.0,107.1428571,6,4,0,0,1,4.55,0.0,0.0,0.0,0.0,7857.142856999999,1.0,8.747185653541973
571,73.0,219,0.0,1,0.0,0.0,1.0,1.0,0.0,0.2978571429,0.0,0.0,0.0,1223.214286,0.0,634.995,633.5442857,6,3,910.2142857000001,908.7857142999999,607.1428571,0.0,298.0,15,13,3,0,7,0.2978571429,0.0,0.0,0.0,1223.214286,0.0,1.0,9.868208702338919
768,19.0,67,1.0,1,0.0,0.0,0.0,1.0,0.0,1107.2435710000002,0.0,0.0,0.0,992.4075,0.0,2085.42,2077.254286,9,6,1738.9032140000006,1737.474643,285.7142857,359.93892860000005,1087.5,15,13,2,6,3,1107.2435710000002,0.0,0.0,0.0,992.4075,0.0,1.0,8.982998257899528
1257,23.0,8,0.0,1,0.0,0.0,0.0,0.0,0.0,1693.3775,0.0,0.0,0.0,0.0,0.0,867.86,867.86,3,3,343.3407143,343.3407143,200.0,67.61785714,75.72285714,18,18,6,9,3,1693.3775,0.0,0.0,0.0,0.0,0.0,1.0,9.1628144372783
403,19.0,63,0.0,1,0.0,0.0,0.0,0.0,0.0,1705.675,0.0,0.0,0.0,0.0,0.0,681.6439286,681.6439286,8,8,686.4660713999998,686.4660713999998,250.0,114.5903571,321.14285710000007,22,22,8,9,4,1705.675,0.0,0.0,0.0,0.0,0.0,1.0,9.062871711406817
496,35.0,149,1.0,1,0.0,0.0,0.0,0.0,0.0,0.0,0.0,0.0,0.0,0.0,0.0,7413.826786,7413.826786,4,4,8994.598929,8994.598929,4513.758929,224.9771429,4243.5771429999995,63,63,17,15,13,0.0,0.0,0.0,0.0,0.0,0.0,1.0,8.32531843846211
458,29.0,149,0.0,1,0.0,0.0,0.0,0.0,0.0,1744.026429,0.0,0.0,0.0,0.0,0.0,11.78642857,11.78642857,2,2,32.14285714,32.14285714,32.14285714,0.0,0.0,2,2,2,0,0,1744.026429,0.0,0.0,0.0,0.0,0.0,1.0,9.530544557655087
654,36.0,148,0.0,1,0.0,0.0,0.0,0.0,0.0,1657.383214,0.0,0.0,0.0,0.0,0.0,3035.7214289999997,3035.7214289999997,5,5,3102.823929,3102.823929,161.9821429,195.79857140000001,2370.287143,26,26,1,9,12,1657.383214,0.0,0.0,0.0,0.0,0.0,1.0,9.797733884475655
121,25.0,31,0.0,1,1.0,1.0,1.0,1.0,0.0,37.82142857,541.4121428999998,329.6078571000001,98.14071429,2.357142857,0.0,2883.950714,2502.466786,9,5,2519.906429,1147.464286,71.42857143,1372.442143,727.1428571,45,19,1,26,17,37.82142857,541.4121428999998,329.6078571000001,98.14071429,2.357142857,0.0,1.0,8.539456041012365
364,37.0,96,1.0,1,0.0,0.0,0.0,0.0,0.0,618.7103571,0.0,0.0,0.0,0.0,0.0,948.4732142999999,948.4732142999999,4,4,1456.285714,1456.285714,707.1428571,318.75,428.9642857,10,10,4,2,3,618.7103571,0.0,0.0,0.0,0.0,0.0,1.0,9.585097815912492
1110,42.0,155,0.0,1,0.0,0.0,1.0,0.0,0.0,24.37964286,0.0,0.0,54.335,0.0,0.0,1274.3160710000002,1274.3160710000002,2,2,1640.5535710000001,1640.5535710000001,464.2857143,286.535,523.4042857,27,27,4,8,12,24.37964286,0.0,0.0,54.335,0.0,0.0,1.0,9.193576303765822
620,28.0,27,0.0,1,0.0,0.0,0.0,0.0,0.0,2.156785714,0.0,0.0,0.0,0.0,0.0,0.0,0.0,0,0,0.8939285714,0.8939285714,0.0,0.0,0.0,1,1,0,0,0,2.156785714,0.0,0.0,0.0,0.0,0.0,1.0,8.187894114473822
1063,42.77063642091998,230,1.0,1,0.0,0.0,1.0,0.0,1.0,291.1475,0.0,0.0,0.0,0.0,4116.311429,526.7242857,305.8575,7,3,292.73857139999996,284.95285710000013,0.0,0.0,0.0,7,5,0,0,0,291.1475,0.0,0.0,0.0,0.0,4116.311429,1.0,9.78808222641649
1095,26.0,144,0.0,1,0.0,11.0,0.0,0.0,0.0,1180.3325,0.0,6541.0275,0.0,0.0,0.0,6996.08,6996.08,6,6,1510.025,1510.025,500.0,107.81071429999999,900.25,15,15,1,2,11,1180.3325,0.0,594.6388636363638,0.0,0.0,0.0,1.0,9.33063113907792
866,21.0,83,1.0,1,0.0,0.0,0.0,0.0,0.0,1751.3507140000006,0.0,0.0,0.0,0.0,0.0,2395.361786,2395.361786,5,5,2671.748929,2671.748929,696.4285714,928.2632143,804.25,70,70,12,34,15,1751.3507140000006,0.0,0.0,0.0,0.0,0.0,1.0,9.161555325950367
948,31.0,182,1.0,1,0.0,0.0,0.0,0.0,3.0,2574.7775,0.0,0.0,0.0,0.0,13012.385709999999,994.365,913.1789286000001,3,2,921.4285714,915.2142857000001,803.5714286,0.0,0.0,5,3,1,0,0,2574.7775,0.0,0.0,0.0,0.0,4337.461903333333,1.0,9.720934357599372
987,29.0,34,0.0,1,0.0,0.0,0.0,0.0,0.0,21.125,0.0,0.0,0.0,0.0,0.0,970.4392857,970.4392857,5,5,1647.15,1647.15,821.4285714,675.3642857000001,146.71428569999995,26,26,3,16,5,21.125,0.0,0.0,0.0,0.0,0.0,1.0,8.581093845080375
476,42.0,37,1.0,1,0.0,1.0,1.0,0.0,0.0,1715.875714,0.0,0.0,0.0,0.0,0.0,123.215,123.215,4,4,205.09142859999997,205.09142859999997,14.28571429,120.1446429,34.94678571,16,16,1,11,3,1715.875714,0.0,0.0,0.0,0.0,0.0,1.0,9.940757552767241
991,42.0,68,1.0,1,0.0,0.0,0.0,0.0,0.0,37.65892857,0.0,0.0,0.0,0.0,0.0,2136.074286,2136.074286,3,3,2172.299286,2172.299286,250.0,332.5492857,1584.6785710000001,47,47,6,23,16,37.65892857,0.0,0.0,0.0,0.0,0.0,1.0,9.197164440344363
1240,47.0,150,1.0,1,0.0,0.0,1.0,0.0,2.0,5.842857143,0.0,0.0,0.0,0.0,194.80392859999998,5316.912857,3320.011429,30,24,4826.772857,3320.011429,375.0,14.28571429,861.1428571,47,26,7,1,9,5.842857143,0.0,0.0,0.0,0.0,97.40196429999999,1.0,9.121870205554725
1419,35.0,59,1.0,1,1.0,0.0,1.0,0.0,0.0,3499.619643,35787.10571,0.0,331.2139286000001,0.0,0.0,785.5635714,784.9310714,3,2,601.0714286,601.0714286,428.57142860000016,0.0,172.5,5,5,3,0,2,3499.619643,35787.10571,0.0,331.2139286000001,0.0,0.0,1.0,9.827279276839668
710,33.0,179,0.0,1,0.0,0.0,0.0,0.0,0.0,1026.117857,0.0,0.0,0.0,0.0,0.0,492.6075,492.6075,6,6,487.9142857,487.9142857,432.14285710000007,55.77142857,0.0,20,20,10,10,0,1026.117857,0.0,0.0,0.0,0.0,0.0,1.0,9.60861601323978
1530,22.0,153,0.0,1,0.0,0.0,0.0,0.0,0.0,14404.76786,0.0,0.0,0.0,0.0,0.0,1026.1632140000004,1026.1632140000004,3,3,1671.967857,1671.967857,1517.857143,0.0,13.42857143,10,10,4,0,1,14404.76786,0.0,0.0,0.0,0.0,0.0,1.0,9.688988845537672
1343,37.0,152,1.0,1,0.0,0.0,1.0,0.0,1.0,77.94142857,0.0,0.0,0.0,0.0,3681.46,3372.385714,2447.0364289999998,27,23,3839.965,2447.0364289999998,539.2857142999999,219.4335714,354.5,50,28,4,9,4,77.94142857,0.0,0.0,0.0,0.0,3681.46,1.0,9.223710962622375
427,25.0,20,1.0,1,0.0,0.0,0.0,0.0,0.0,1194.063929,0.0,0.0,0.0,0.0,0.0,0.004285714286,0.004285714286,1,1,33.30714286,33.30714286,0.0,32.98571429,0.0,5,5,0,4,0,1194.063929,0.0,0.0,0.0,0.0,0.0,1.0,9.181160826726655
1491,19.0,151,1.0,1,0.0,0.0,1.0,0.0,0.0,15886.91179,0.0,0.0,0.0,0.0,0.0,1266.17,1265.748214,4,3,1286.7071429999999,1286.285357,496.42857139999995,0.0,785.0778571000003,11,10,3,0,3,15886.91179,0.0,0.0,0.0,0.0,0.0,1.0,9.588056164131132
893,48.0,53,1.0,1,0.0,0.0,0.0,0.0,0.0,2.4689285709999997,0.0,0.0,0.0,0.0,0.0,959.5125,959.5125,9,9,1772.107143,1772.107143,0.0,0.0,1767.714286,17,17,0,0,15,2.4689285709999997,0.0,0.0,0.0,0.0,0.0,1.0,8.941074332961053
1242,23.0,63,0.0,1,0.0,2.0,1.0,0.0,0.0,281.6489286000001,0.0,12436.57214,28.29464286,0.0,0.0,3760.2160710000003,3429.501786,5,4,3676.630714,3676.630714,567.8571429,668.0285713999998,2103.296429,33,33,6,12,12,281.6489286000001,0.0,6218.28607,28.29464286,0.0,0.0,1.0,8.866143516397994
894,69.0,21,1.0,1,0.0,0.0,1.0,1.0,2.0,354.98285710000016,0.0,0.0,0.0,0.7142857143000001,2182.396786,2092.991071,2031.506071,11,6,2123.822143,2119.357857,857.1428571,300.9892857,859.0114286,42,37,3,11,19,354.98285710000016,0.0,0.0,0.0,0.7142857143000001,1091.198393,1.0,10.722437099093913
1380,32.0,165,0.0,1,0.0,0.0,0.0,0.0,0.0,3572.45,0.0,0.0,0.0,0.0,0.0,0.00035714285710000004,0.00035714285710000004,1,1,65.32142857,65.32142857,21.42857143,0.0,43.89285714,4,4,2,0,2,3572.45,0.0,0.0,0.0,0.0,0.0,1.0,9.812759856240028
1013,25.0,150,0.0,1,0.0,0.0,0.0,0.0,0.0,443.1457143,0.0,0.0,0.0,0.0,0.0,0.0,0.0,0,0,16.25,16.25,14.28571429,0.0,0.0,2,2,1,0,0,443.1457143,0.0,0.0,0.0,0.0,0.0,1.0,9.105221745524037
1162,30.0,9,0.0,1,0.0,0.0,0.0,0.0,0.0,71.60178571,0.0,0.0,0.0,0.0,0.0,585.715,585.715,5,5,375.19642860000016,375.19642860000016,228.5714286,49.30357143,93.57142857,23,23,8,9,3,71.60178571,0.0,0.0,0.0,0.0,0.0,1.0,8.81790412400736
1071,54.0,8,0.0,1,0.0,0.0,1.0,1.0,2.0,53.39321429,0.0,0.0,0.0,7.178571429,5414.101786,6473.740357,4871.974643,32,24,6656.546429,4871.974643,0.0,141.25,3043.571429,49,29,0,3,19,53.39321429,0.0,0.0,0.0,7.178571429,2707.050893,1.0,9.677411113690695
9,33.0,182,0.0,1,0.0,0.0,1.0,0.0,0.0,510.1664286,0.0,0.0,0.0,0.0,0.0,527.175,379.79107139999996,6,4,415.4607143,375.70535710000007,53.57142857,0.0,170.71428569999995,10,7,1,0,3,510.1664286,0.0,0.0,0.0,0.0,0.0,1.0,9.46962145172048
1511,49.0,147,1.0,1,0.0,0.0,1.0,1.0,1.0,0.0,0.0,0.0,0.0,551.865,971.9839286,1033.652857,874.0764286,10,5,1369.550714,1329.943571,378.57142860000016,24.77857143,744.9489286,27,17,4,2,9,0.0,0.0,0.0,0.0,551.865,971.9839286,1.0,8.823816460841632
1107,13.0,151,0.0,1,1.0,0.0,1.0,0.0,0.0,100.9821429,2115.6203570000002,0.0,0.0,0.0,0.0,0.002142857143,0.002142857143,1,1,12.34214286,12.34214286,0.0,10.37785714,0.0,2,2,0,1,0,100.9821429,2115.6203570000002,0.0,0.0,0.0,0.0,1.0,8.393130883144181
1498,30.0,107,1.0,1,0.0,10.0,0.0,0.0,0.0,243.18928569999997,0.0,0.0,0.0,0.0,0.0,0.015,0.015,1,1,182.4285714,182.4285714,178.5714286,0.0,0.0,2,2,1,0,0,243.18928569999997,0.0,0.0,0.0,0.0,0.0,1.0,9.138522855639131
394,42.77063642091998,150,1.0,1,0.0,0.0,1.0,0.0,1.0,3770.360357,0.0,0.0,0.0,0.0,2557.0525,1916.1732140000001,1447.920357,29,24,1897.702857,1378.9975,0.0,349.5678571,525.1607143,53,33,0,18,9,3770.360357,0.0,0.0,0.0,0.0,2557.0525,1.0,10.252938834789699
1122,19.0,142,0.0,1,0.0,0.0,0.0,0.0,0.0,3747.319643,0.0,0.0,0.0,0.0,0.0,750.825,750.825,8,8,637.0489286000002,637.0489286000002,78.57142857,302.9775,255.5,19,19,3,13,3,3747.319643,0.0,0.0,0.0,0.0,0.0,1.0,9.28897915511717
174,22.0,109,1.0,1,0.0,0.0,1.0,0.0,1.0,70.76928571,0.0,0.0,532.6325,0.0,14233.636069999999,1322.5,1282.800714,6,5,1251.982143,1246.339286,521.4285714,114.70357140000002,236.46428569999998,19,17,2,5,6,70.76928571,0.0,0.0,532.6325,0.0,14233.636069999999,1.0,8.612346774014526
313,47.0,61,1.0,2,0.0,0.0,1.0,0.0,0.0,0.0,0.0,0.0,0.0,0.0,0.0,0.0025,0.0025,1,1,0.0,0.0,0.0,0.0,0.0,0,0,0,0,0,0.0,0.0,0.0,0.0,0.0,0.0,1.0,8.676214712241705
111,34.0,94,0.0,1,0.0,0.0,1.0,0.0,0.0,0.0,0.0,0.0,31.5575,0.0,0.0,1329.852857,1329.852857,4,4,1889.872143,1889.872143,1250.0,267.8364286,369.5357143,15,15,2,6,6,0.0,0.0,0.0,31.5575,0.0,0.0,1.0,8.24509262880809
266,42.0,34,1.0,1,0.0,0.0,0.0,0.0,0.0,1033.077857,0.0,0.0,0.0,0.0,0.0,359.8260714,359.8260714,2,2,424.36821430000003,424.36821430000003,339.2857143,28.65357143,52.82178571,11,11,5,3,2,1033.077857,0.0,0.0,0.0,0.0,0.0,1.0,9.831414935449327
506,20.0,78,0.0,1,1.0,0.0,1.0,0.0,0.0,1407.341786,19.30642857,0.0,339.3071429,0.0,0.0,46756.54071,46714.29214,20,17,4630.462857,4630.462857,107.1428571,302.32,4217.428571,23,23,1,9,11,1407.341786,19.30642857,0.0,339.3071429,0.0,0.0,1.0,9.076626607611622
1073,4.0,9,0.0,1,0.0,3.0,0.0,1.0,0.0,0.0,0.0,3091.187143,0.0,1.7146428569999999,0.0,1679.6339289999999,1678.915,7,5,1676.5967859999994,1438.168214,0.0,1104.918214,566.2142857000001,34,31,0,17,14,0.0,0.0,1030.3957143333334,0.0,1.7146428569999999,0.0,1.0,7.2032722931550515
273,40.0,67,1.0,1,0.0,0.0,0.0,0.0,0.0,755.7260714,0.0,0.0,0.0,0.0,0.0,0.0075,0.0075,1,1,129.2257143,129.2257143,89.28571429,21.76142857,15.67857143,9,9,4,2,1,755.7260714,0.0,0.0,0.0,0.0,0.0,1.0,9.717830957816831
498,21.0,176,0.0,1,0.0,0.0,0.0,0.0,0.0,883.9760714,0.0,0.0,0.0,0.0,0.0,897.2478571,897.2478571,3,3,902.2857142999999,902.2857142999999,821.4285714,24.67857143,53.57142857,9,9,4,1,1,883.9760714,0.0,0.0,0.0,0.0,0.0,1.0,9.112137925773578
521,23.0,149,1.0,1,0.0,0.0,1.0,0.0,0.0,80.2725,0.0,0.0,0.0,0.0,0.0,1531.0925,1531.0925,3,3,1428.189286,1428.189286,285.7142857,719.4392857,423.0357143,40,40,4,27,9,80.2725,0.0,0.0,0.0,0.0,0.0,1.0,8.7060371038049
832,37.0,174,0.0,1,0.0,0.0,0.0,0.0,0.0,458.81107139999995,0.0,0.0,0.0,0.0,0.0,977.4860714,977.4860714,2,2,904.5357142999999,904.5357142999999,535.7142857,0.0,337.85714289999993,12,12,1,0,6,458.81107139999995,0.0,0.0,0.0,0.0,0.0,1.0,9.59786221901961
150,27.0,3,0.0,1,0.0,0.0,1.0,0.0,0.0,11.59428571,0.0,0.0,0.0,0.0,0.0,1539.13,1539.13,4,4,1441.0514289999999,1441.0514289999999,442.85714289999993,714.7657142999999,20.42857143,59,59,4,48,1,11.59428571,0.0,0.0,0.0,0.0,0.0,1.0,8.381081234343705
1370,27.0,8,1.0,1,0.0,0.0,0.0,1.0,0.0,340.855,0.0,0.0,0.0,712.2960714,0.0,375.55285710000004,375.55285710000004,5,5,296.2607143,296.2607143,39.28571429,102.76071429999999,153.78571430000005,12,12,3,6,1,340.855,0.0,0.0,0.0,712.2960714,0.0,1.0,9.00213613821888
940,18.0,9,1.0,1,0.0,0.0,0.0,0.0,0.0,0.0,0.0,0.0,0.0,0.0,0.0,824.8985713999997,824.8985713999997,3,3,868.9464286,868.9464286,0.0,731.4107142999999,133.9285714,40,40,0,36,3,0.0,0.0,0.0,0.0,0.0,0.0,1.0,7.643332135207123
166,48.0,51,1.0,1,0.0,0.0,1.0,0.0,1.0,15.79714286,0.0,0.0,754.9014286,0.0,2216.481429,1385.9139289999994,1180.379643,15,12,1454.598214,1191.0767859999999,892.8571429,0.0,71.42857143,23,14,5,0,2,15.79714286,0.0,0.0,754.9014286,0.0,2216.481429,1.0,9.246269274190128
342,26.0,203,0.0,1,0.0,5.0,0.0,0.0,1.0,5435.900714,0.0,9499.571429000001,0.0,0.0,14516.524290000001,1365.1285710000002,1307.336429,4,3,735.5892857000001,732.375,260.7142857,305.3035713999999,94.78571429,22,21,3,12,3,5435.900714,0.0,1899.9142858,0.0,0.0,14516.524290000001,1.0,9.695419049564972
1611,41.0,181,0.0,1,0.0,0.0,1.0,0.0,0.0,0.0,0.0,0.0,0.0,0.0,0.0,1029.9185710000004,1029.9185710000004,3,3,1104.685714,1104.685714,178.5714286,32.14285714,890.5785714,11,11,1,3,6,0.0,0.0,0.0,0.0,0.0,0.0,1.0,8.563784670134055
1031,40.0,172,1.0,1,0.0,0.0,0.0,0.0,1.0,173.26392859999999,0.0,0.0,0.0,0.0,2529.5685710000002,583.5907143,506.71714289999994,3,2,673.2857142999999,664.1785714,535.7142857,14.28571429,0.0,11,9,3,1,0,173.26392859999999,0.0,0.0,0.0,0.0,2529.5685710000002,1.0,9.516670491485577
1597,19.0,181,1.0,1,0.0,0.0,1.0,0.0,0.0,5844.956071000001,0.0,0.0,0.0,0.0,0.0,1740.593929,1242.559643,12,9,1198.223929,1031.736786,225.0,220.0585714,85.03678571,23,17,3,6,4,5844.956071000001,0.0,0.0,0.0,0.0,0.0,1.0,9.413715712210774
135,24.0,82,1.0,1,0.0,0.0,0.0,0.0,0.0,184.10607140000002,0.0,0.0,0.0,0.0,0.0,0.001785714286,0.001785714286,1,1,169.53821430000005,169.53821430000005,71.42857143,95.60964286,0.0,10,10,4,4,0,184.10607140000002,0.0,0.0,0.0,0.0,0.0,1.0,8.839202957756743
200,24.0,129,0.0,2,0.0,2.0,0.0,1.0,0.0,0.0,0.0,0.0,0.0,476.7142857,0.0,20182.24571,16530.45786,10,4,7658.063214,7040.221429000001,667.8571429,2470.3357140000007,892.3514286000003,62,38,4,39,10,0.0,0.0,0.0,0.0,476.7142857,0.0,1.0,7.934238840012636
18,25.0,41,1.0,1,0.0,0.0,0.0,1.0,0.0,935.9632142999999,0.0,0.0,0.0,1016.2925,0.0,2585.357143,2390.907143,8,2,1869.477857,1274.149643,703.5714286,712.6075,266.4285714,44,24,6,22,7,935.9632142999999,0.0,0.0,0.0,1016.2925,0.0,1.0,9.152510502521718
701,39.0,151,0.0,3,1.0,0.0,0.0,0.0,0.0,0.0,34394.55571,0.0,0.0,0.0,0.0,168.465,168.4646429,4,3,179.0571429,179.0571429,153.5714286,14.77142857,10.71428571,7,7,3,3,1,0.0,34394.55571,0.0,0.0,0.0,0.0,1.0,8.467279471858003
828,27.0,221,0.0,1,0.0,0.0,0.0,0.0,0.0,0.0,0.0,0.0,0.0,0.0,0.0,110.7221429,110.7221429,2,2,1.964285714,1.964285714,0.0,0.0,0.0,1,1,0,0,0,0.0,0.0,0.0,0.0,0.0,0.0,1.0,8.109317158377682
839,29.0,55,1.0,1,0.0,0.0,0.0,0.0,0.0,870.7567857,0.0,0.0,0.0,0.0,0.0,0.00035714285710000004,0.00035714285710000004,1,1,67.85714286,67.85714286,67.85714286,0.0,0.0,1,1,1,0,0,870.7567857,0.0,0.0,0.0,0.0,0.0,1.0,9.303764152542088
1192,25.0,109,1.0,1,1.0,7.0,0.0,0.0,0.0,2789.3425,10566.784290000001,11171.42857,0.0,0.0,0.0,4048.001429,4034.694286,9,6,4063.680714,4063.680714,2203.571429,70.96678571,1786.6425,25,25,5,6,12,2789.3425,10566.784290000001,1595.918367142857,0.0,0.0,0.0,1.0,9.431523532041286
676,37.0,68,0.0,1,0.0,0.0,1.0,1.0,0.0,1127.008214,0.0,0.0,0.0,417.19642860000016,0.0,2543.296429,2502.9914289999997,9,5,3462.6310710000002,3448.494286,53.57142857,1758.004643,1604.892857,31,26,1,15,8,1127.008214,0.0,0.0,0.0,417.19642860000016,0.0,1.0,9.681343549121868
731,21.0,181,0.0,1,0.0,0.0,0.0,0.0,0.0,957.0071429,0.0,0.0,0.0,0.0,0.0,886.7914286,886.7914286,3,3,820.6785714,820.6785714,817.8571429,0.0,0.0,11,11,6,0,0,957.0071429,0.0,0.0,0.0,0.0,0.0,1.0,9.132131489256649
89,40.0,118,0.0,1,1.0,2.0,0.0,0.0,0.0,137.70142859999999,893.1703571,1462.0660710000002,0.0,0.0,0.0,1979.155714,1940.126786,6,5,2601.4375,1887.151786,1089.285714,82.43107143,715.435,24,23,8,2,13,137.70142859999999,893.1703571,731.0330355000001,0.0,0.0,0.0,1.0,9.420153499161872
655,16.0,0,0.0,2,0.0,0.0,0.0,0.0,0.0,327.2014286000001,0.0,0.0,0.0,0.0,0.0,880.1089286,880.1089286,3,3,855.9642857000001,855.9642857000001,53.57142857,0.0,257.25,7,7,1,0,2,163.60071430000005,0.0,0.0,0.0,0.0,0.0,1.0,8.58540209193842
