Client,Age,Tenure,M,Count_CA,Count_SA,Count_MF,Count_OVD,Count_CC,Count_CL,ActBal_CA,ActBal_SA,ActBal_MF,ActBal_OVD,ActBal_CC,ActBal_CL,VolumeCred,VolumeCred_CA,TransactionsCred,TransactionsCred_CA,VolumeDeb,VolumeDeb_CA,VolumeDebCash_Card,VolumeDebCashless_Card,VolumeDeb_PaymentOrder,TransactionsDeb,TransactionsDeb_CA,TransactionsDebCash_Card,TransactionsDebCashless_Card,TransactionsDeb_PaymentOrder,Actbal_CA_avg,ActBal_SA_avg,ActBal_MF_avg,ActBal_OVD_avg,ActBal_CC_avg,ActBal_CL_avg,Sale_CC_pred,Sale_CC_pred_value
1360,28.0,212,1.0,1,0.0,0.0,0.0,1.0,0.0,649.8921429,0.0,0.0,0.0,38.78571429,0.0,1.475357143,0.03571428571,4,1,113.75,112.32142859999999,0.0,0.0,108.0,7,5,0,0,3,649.8921429,0.0,0.0,0.0,38.78571429,0.0,1.0,3.9231723949470005
1420,46.0,86,1.0,1,0.0,0.0,0.0,0.0,0.0,272.3878571,0.0,0.0,0.0,0.0,0.0,1075.023214,1075.023214,2,2,620.3746428999998,620.3746428999998,0.0,0.0,616.9817857,7,7,0,0,6,272.3878571,0.0,0.0,0.0,0.0,0.0,1.0,3.904757873673379
505,38.0,157,1.0,1,2.0,0.0,0.0,0.0,0.0,9078.213571,4.1825,0.0,0.0,0.0,0.0,1.313571429,0.004285714286,2,1,1.964285714,1.964285714,0.0,0.0,0.0,1,1,0,0,0,9078.213571,2.09125,0.0,0.0,0.0,0.0,1.0,3.915125822885516
889,36.0,236,1.0,1,0.0,0.0,0.0,0.0,0.0,2560.426429,0.0,0.0,0.0,0.0,0.0,25.0,25.0,1,1,26.175,26.175,7.142857143,19.03214286,0.0,3,3,1,2,0,2560.426429,0.0,0.0,0.0,0.0,0.0,1.0,3.9266877534123985
1172,11.0,49,0.0,1,1.0,1.0,0.0,0.0,0.0,2175.241071,81.87964286,20497.15893,0.0,0.0,0.0,344.9010714,338.25214289999997,4,2,399.25,399.25,0.0,42.10714286,357.14285710000007,3,3,0,1,2,2175.241071,81.87964286,20497.15893,0.0,0.0,0.0,1.0,3.899363529026613
154,28.0,151,1.0,1,0.0,0.0,0.0,0.0,0.0,785.9264286,0.0,0.0,0.0,0.0,0.0,446.4325,446.4325,5,5,1478.473929,1478.473929,0.0,1478.473929,0.0,38,38,0,38,0,785.9264286,0.0,0.0,0.0,0.0,0.0,1.0,3.9142488110248443
226,57.0,107,0.0,1,0.0,0.0,0.0,0.0,0.0,15718.977859999999,0.0,0.0,0.0,0.0,0.0,2071.475714,2071.475714,2,2,1289.1785710000001,1289.1785710000001,0.0,0.0,1285.714286,3,3,0,0,2,15718.977859999999,0.0,0.0,0.0,0.0,0.0,1.0,3.907822170438056
400,80.0,33,0.0,1,0.0,0.0,0.0,0.0,0.0,402.3185714,0.0,0.0,0.0,0.0,0.0,419.71714289999994,419.71714289999994,2,2,2713.178571,2713.178571,0.0,0.0,206.0714286,7,7,0,0,4,402.3185714,0.0,0.0,0.0,0.0,0.0,1.0,3.897032677310415
1430,62.0,87,0.0,1,0.0,0.0,1.0,0.0,0.0,3016.431071,0.0,0.0,712.4285714,0.0,0.0,988.2214286000001,988.2214286000001,12,12,1365.255357,1365.255357,0.0,122.64821429999999,1239.214286,16,16,0,7,8,3016.431071,0.0,0.0,712.4285714,0.0,0.0,1.0,3.904903749173008
1089,44.0,110,1.0,1,0.0,0.0,0.0,0.0,0.0,6987.590356999999,0.0,0.0,0.0,0.0,0.0,824.3257143,824.3257143,2,2,1537.9278570000001,1537.9278570000001,535.7142857,0.0,998.1778571000001,14,14,1,0,12,6987.590356999999,0.0,0.0,0.0,0.0,0.0,1.0,3.9082600833724834
165,42.0,103,0.0,1,0.0,0.0,0.0,0.0,0.0,17.86857143,0.0,0.0,0.0,0.0,0.0,1383.262857,1383.262857,3,3,1065.9232140000001,1065.9232140000001,142.8571429,0.0,779.0085713999997,17,17,1,0,12,17.86857143,0.0,0.0,0.0,0.0,0.0,1.0,3.907238347301078
1153,40.0,46,1.0,1,0.0,1.0,0.0,0.0,0.0,180.53178569999997,0.0,17.72857143,0.0,0.0,0.0,220.0367857,220.0367857,3,3,214.62857140000003,214.62857140000003,0.0,8.45,203.78571430000002,6,6,0,1,4,180.53178569999997,0.0,17.72857143,0.0,0.0,0.0,1.0,3.898926409839083
24,29.0,23,0.0,1,0.0,0.0,0.0,0.0,0.0,227.3110714,0.0,0.0,0.0,0.0,0.0,1141.0925,1141.0925,3,3,902.0678571000001,902.0678571000001,0.0,258.425,639.5357142999999,22,22,0,6,15,227.3110714,0.0,0.0,0.0,0.0,0.0,1.0,3.8955764581309906
1598,23.0,80,1.0,1,1.0,0.0,0.0,0.0,0.0,1785.861071,20516.36536,0.0,0.0,0.0,0.0,8.349642857000001,8.216428571,5,4,5.214285714,5.214285714,0.0,0.0,5.214285714,1,1,0,0,1,1785.861071,20516.36536,0.0,0.0,0.0,0.0,1.0,3.903882711778458
1037,59.0,181,0.0,1,0.0,0.0,1.0,1.0,0.0,3203.456429,0.0,0.0,0.0,0.7142857143000001,0.0,1058.06,797.7528571,11,8,1071.512857,804.3678571,0.0,71.41785714,468.9642857,25,17,0,1,12,3203.456429,0.0,0.0,0.0,0.7142857143000001,0.0,1.0,3.9186354357497155
595,25.0,75,1.0,1,0.0,0.0,0.0,0.0,0.0,126.9225,0.0,0.0,0.0,0.0,0.0,499.5367857,499.5367857,2,2,518.3214286,518.3214286,514.2857143,0.0,0.0,12,12,8,0,0,126.9225,0.0,0.0,0.0,0.0,0.0,1.0,3.903153529486523
231,27.0,216,1.0,2,0.0,0.0,1.0,0.0,0.0,113.78107140000002,0.0,0.0,0.0,0.0,0.0,899.3146429,857.4328571000003,8,6,886.3235714,844.4635714,392.85714289999993,123.65357140000002,284.1782143000001,24,22,2,9,7,56.89053570000001,0.0,0.0,0.0,0.0,0.0,1.0,3.9237581137868207
1088,41.0,10,1.0,1,0.0,0.0,0.0,0.0,0.0,2118.586429,0.0,0.0,0.0,0.0,0.0,1722.781786,1722.781786,4,4,505.68785710000003,505.68785710000003,35.71428571,71.27,395.31071430000003,8,8,1,2,4,2118.586429,0.0,0.0,0.0,0.0,0.0,1.0,3.8936840205620724
57,28.0,157,1.0,1,0.0,0.0,0.0,0.0,0.0,1155.26,0.0,0.0,0.0,0.0,0.0,134.3575,134.3575,20,20,183.735,183.735,107.1428571,34.735,36.57142857,6,6,1,2,1,1155.26,0.0,0.0,0.0,0.0,0.0,1.0,3.915125822885516
677,25.0,179,1.0,1,0.0,0.0,0.0,0.0,0.0,71.39071429,0.0,0.0,0.0,0.0,0.0,475.6814286,475.6814286,2,2,216.29642859999998,216.29642859999998,103.57142859999999,112.725,0.0,13,13,4,9,0,71.39071429,0.0,0.0,0.0,0.0,0.0,1.0,3.918342872319826
1518,69.0,169,1.0,2,0.0,0.0,0.0,0.0,0.0,25.40678571,0.0,0.0,0.0,0.0,0.0,0.014642857140000003,0.014642857140000003,1,1,1.964285714,1.964285714,0.0,0.0,0.0,1,1,0,0,0,12.703392855,0.0,0.0,0.0,0.0,0.0,1.0,3.9168803161774415
807,42.0,86,1.0,1,0.0,0.0,0.0,0.0,0.0,256.4892857,0.0,0.0,0.0,0.0,0.0,1695.690357,1695.690357,3,3,1509.3,1509.3,0.0,264.9785714,935.25,22,22,0,9,11,256.4892857,0.0,0.0,0.0,0.0,0.0,1.0,3.904757873673379
207,41.0,25,0.0,1,0.0,0.0,0.0,0.0,0.0,176.65142859999997,0.0,0.0,0.0,0.0,0.0,53.60392857,53.60392857,3,3,16.24892857,16.24892857,0.0,0.0,0.0,3,3,0,0,0,176.65142859999997,0.0,0.0,0.0,0.0,0.0,1.0,3.895867667320154
168,26.0,168,0.0,1,1.0,0.0,1.0,0.0,0.0,71.42857143,17921.30929,0.0,0.0,0.0,0.0,303.645,303.645,3,3,315.0714286000001,315.0714286000001,0.0,0.0,311.6785713999999,7,7,0,0,6,71.42857143,17921.30929,0.0,0.0,0.0,0.0,1.0,3.9167340844857677
454,76.0,136,1.0,1,0.0,0.0,0.0,0.0,0.0,0.0,0.0,0.0,0.0,0.0,0.0,568.0375,568.0375,2,2,649.8142857,649.8142857,642.8571429,3.492857143,0.0,18,18,9,1,0,0.0,0.0,0.0,0.0,0.0,0.0,1.0,3.912056965939604
232,38.0,4,1.0,1,0.0,0.0,0.0,0.0,0.0,33.35428571,0.0,0.0,0.0,0.0,0.0,542.9685714,542.9685714,2,2,479.3064286,479.3064286,0.0,62.91357143,413.57142860000016,9,9,0,3,5,33.35428571,0.0,0.0,0.0,0.0,0.0,1.0,3.8928108345881896
216,61.0,71,0.0,1,0.0,0.0,1.0,0.0,0.0,192.0907143,0.0,0.0,246.5178571,0.0,0.0,135.71642859999997,135.71642859999997,2,2,3.392857143,3.392857143,0.0,0.0,0.0,1,1,0,0,0,192.0907143,0.0,0.0,246.5178571,0.0,0.0,1.0,3.902570261720239
586,33.0,84,1.0,1,0.0,0.0,0.0,0.0,0.0,2036.1246429999999,0.0,0.0,0.0,0.0,0.0,14.28642857,14.28642857,2,2,14.28571429,14.28571429,14.28571429,0.0,0.0,2,2,2,0,0,2036.1246429999999,0.0,0.0,0.0,0.0,0.0,1.0,3.9044661356893298
228,38.0,158,0.0,1,1.0,0.0,0.0,0.0,0.0,10138.79,1.109285714,0.0,0.0,0.0,0.0,1428.594286,1428.594286,2,2,900.8928571,900.8928571,357.14285710000007,208.96428569999998,330.9285713999999,12,12,1,2,7,10138.79,1.109285714,0.0,0.0,0.0,0.0,1.0,3.9152720067448663
1356,38.0,183,0.0,1,0.0,0.0,0.0,0.0,0.0,235.32107140000002,0.0,0.0,0.0,0.0,0.0,1853.573214,1853.573214,3,3,1836.552143,1836.552143,0.0,63.15928571,0.0,3,3,0,1,0,235.32107140000002,0.0,0.0,0.0,0.0,0.0,1.0,3.918928016582491
1201,61.0,132,0.0,2,0.0,0.0,1.0,0.0,0.0,115.4642857,0.0,0.0,0.0,0.0,0.0,955.3260713999999,955.3260713999999,5,5,955.2457142999999,955.2457142999999,160.71428569999995,321.6814286,264.8214286,22,22,1,12,6,57.73214285,0.0,0.0,0.0,0.0,0.0,1.0,3.91147263904118
817,42.0,152,1.0,1,0.0,3.0,0.0,0.0,0.0,57.5575,0.0,6083.648571,0.0,0.0,0.0,974.0171429,974.0171429,5,5,516.1785714,516.1785714,0.0,0.0,513.6785714,6,6,0,0,5,57.5575,0.0,2027.882857,0.0,0.0,0.0,1.0,3.9143949688004316
1444,39.0,139,1.0,1,0.0,0.0,0.0,0.0,0.0,2645.34,0.0,0.0,0.0,0.0,0.0,330.35857139999996,330.35857139999996,2,2,285.7142857,285.7142857,285.7142857,0.0,0.0,1,1,1,0,0,2645.34,0.0,0.0,0.0,0.0,0.0,1.0,3.912495256734448
1389,50.0,9,1.0,1,0.0,0.0,0.0,0.0,0.0,10944.836070000001,0.0,0.0,0.0,0.0,0.0,1078.787143,1078.787143,21,21,1792.785714,1792.785714,0.0,0.0,1164.464286,11,11,0,0,8,10944.836070000001,0.0,0.0,0.0,0.0,0.0,1.0,3.8935384787455494
104,10.0,65,1.0,1,1.0,1.0,0.0,0.0,0.0,501.29,41481.50786000001,0.0,0.0,0.0,0.0,528.3825,527.7946429,4,3,556.1075,556.1075,0.0,53.0,495.8575,10,10,0,1,8,501.29,41481.50786000001,0.0,0.0,0.0,0.0,1.0,3.901695490163571
11,30.0,40,1.0,1,1.0,0.0,0.0,0.0,0.0,709.9025,5.590357142999999,0.0,0.0,0.0,0.0,451.84785710000006,449.3960714,3,2,412.89285710000007,412.89285710000007,410.7142857,0.0,0.0,5,5,3,0,0,709.9025,5.590357142999999,0.0,0.0,0.0,0.0,1.0,3.8980522884593247
126,33.0,173,0.0,1,0.0,0.0,1.0,0.0,0.0,70.79964286,0.0,0.0,0.0,0.0,0.0,771.6589286000003,771.6589286000003,8,8,999.0714286,999.0714286,0.0,0.0,994.7142857000001,23,23,0,0,22,70.79964286,0.0,0.0,0.0,0.0,0.0,1.0,3.917465286437123
816,24.0,4,1.0,1,0.0,0.0,0.0,0.0,0.0,382.7135714,0.0,0.0,0.0,0.0,0.0,1321.430357,1321.430357,2,2,1461.317857,1461.317857,0.0,0.0,909.1464286,11,11,0,0,7,382.7135714,0.0,0.0,0.0,0.0,0.0,1.0,3.8928108345881896
329,18.0,149,0.0,1,1.0,0.0,0.0,0.0,0.0,0.0,7837.599286,0.0,0.0,0.0,0.0,264.3471429,192.8571429,5,3,299.9114286,192.7685714,114.2857143,0.0,7.142857143,5,4,2,0,1,0.0,7837.599286,0.0,0.0,0.0,0.0,1.0,3.9139565085140635
665,44.0,153,1.0,1,0.0,0.0,0.0,0.0,0.0,370.6532143,0.0,0.0,0.0,0.0,0.0,4422.431071,4422.431071,13,13,8875.016071,8875.016071,0.0,0.0,1719.557143,15,15,0,0,11,370.6532143,0.0,0.0,0.0,0.0,0.0,1.0,3.9145411309229905
752,58.0,37,1.0,1,1.0,0.0,0.0,0.0,0.0,60.11392857,14680.954290000001,0.0,0.0,0.0,0.0,1036.567857,1034.420357,3,2,1248.642857,1248.642857,0.0,182.6785714,1053.642857,7,7,0,2,3,60.11392857,14680.954290000001,0.0,0.0,0.0,0.0,1.0,3.897615286260136
94,22.0,189,1.0,1,1.0,0.0,0.0,0.0,0.0,8079.0425,7620.556070999999,0.0,0.0,0.0,0.0,527.6478571,527.3632143,4,3,367.0892857,367.0892857,232.1428571,79.0,55.30357143,7,7,1,2,3,8079.0425,7620.556070999999,0.0,0.0,0.0,0.0,1.0,3.919805863508487
1326,50.0,191,1.0,1,0.0,0.0,0.0,0.0,0.0,2174.4875,0.0,0.0,0.0,0.0,0.0,1035.001429,1035.001429,4,4,1082.896429,1082.896429,775.0,86.25357143,219.03571430000002,13,13,2,3,7,2174.4875,0.0,0.0,0.0,0.0,0.0,1.0,3.9200985139631594
105,49.0,150,1.0,1,0.0,0.0,0.0,0.0,0.0,670.2957142999999,0.0,0.0,0.0,0.0,0.0,1046.461429,1046.461429,4,4,683.7242857000001,683.7242857000001,303.5714286000001,374.79571430000004,0.0,13,13,3,6,0,670.2957142999999,0.0,0.0,0.0,0.0,0.0,1.0,3.9141026575960973
1422,34.0,163,1.0,1,1.0,0.0,0.0,0.0,0.0,2612.494643,880.0571428999997,0.0,0.0,0.0,0.0,10.56107143,1.6332142859999998,7,2,3.27,1.607142857,0.0,0.0,0.0,6,1,0,0,0,2612.494643,880.0571428999997,0.0,0.0,0.0,0.0,1.0,3.916002991260404
1474,25.0,240,0.0,1,1.0,1.0,0.0,0.0,0.0,4654.869286,6059.231786,0.0,0.0,0.0,0.0,263.19178569999997,262.7717857,4,3,342.0357143,342.0357143,0.0,0.0,338.64285710000007,8,8,0,0,7,4654.869286,6059.231786,0.0,0.0,0.0,0.0,1.0,3.927273890480856
539,12.0,34,1.0,1,0.0,0.0,0.0,0.0,0.0,32.99107143,0.0,0.0,0.0,0.0,0.0,518.5721428999999,518.5721428999999,3,3,355.57142860000016,355.57142860000016,178.5714286,170.75,0.0,14,14,2,5,0,32.99107143,0.0,0.0,0.0,0.0,0.0,1.0,3.8971783230501043
587,53.0,83,0.0,1,1.0,1.0,0.0,0.0,0.0,0.0,96668.11392999999,381.1310714,0.0,0.0,0.0,1434.443571,1428.591786,4,3,607.8214286,607.8214286,0.0,0.0,607.8214286,5,5,0,0,5,0.0,96668.11392999999,381.1310714,0.0,0.0,0.0,1.0,3.9043202732046516
409,31.0,91,1.0,1,0.0,0.0,1.0,0.0,0.0,348.40285710000006,0.0,0.0,0.0,0.0,0.0,469.1796429,469.1796429,3,3,465.09285710000006,465.09285710000006,178.5714286,11.41428571,271.7142857,12,12,1,1,9,348.40285710000006,0.0,0.0,0.0,0.0,0.0,1.0,3.90548729455857
233,32.0,85,1.0,1,0.0,0.0,0.0,0.0,0.0,15.98214286,0.0,0.0,0.0,0.0,0.0,821.4321428999997,821.4321428999997,3,3,6.25,6.25,0.0,0.0,0.0,2,2,0,0,0,15.98214286,0.0,0.0,0.0,0.0,0.0,1.0,3.9046120025121955
540,45.0,150,1.0,1,1.0,0.0,0.0,0.0,0.0,3007.264643,4842.638571,0.0,0.0,0.0,0.0,82.18571429,0.01428571429,3,1,535.7142857,535.7142857,535.7142857,0.0,0.0,1,1,1,0,0,3007.264643,4842.638571,0.0,0.0,0.0,0.0,1.0,3.9141026575960973
1218,36.0,49,0.0,1,1.0,0.0,0.0,0.0,0.0,54.82392857,1584.6432140000006,0.0,0.0,0.0,0.0,250.64892859999998,241.83428569999998,3,2,3220.535357,6.249642857,0.0,0.0,3214.285714,5,2,0,0,3,54.82392857,1584.6432140000006,0.0,0.0,0.0,0.0,1.0,3.899363529026613
260,40.0,153,1.0,1,0.0,0.0,0.0,0.0,0.0,1927.5210710000001,0.0,0.0,0.0,0.0,0.0,770.585,770.585,5,5,346.82142860000016,346.82142860000016,0.0,75.39285714,268.0357143,14,14,0,2,11,1927.5210710000001,0.0,0.0,0.0,0.0,0.0,1.0,3.9145411309229905
309,62.0,134,0.0,1,0.0,0.0,0.0,0.0,0.0,3116.859286,0.0,0.0,0.0,0.0,0.0,0.06,0.06,1,1,3.392857143,3.392857143,0.0,0.0,0.0,1,1,0,0,0,3116.859286,0.0,0.0,0.0,0.0,0.0,1.0,3.9117647938011038
1609,31.0,111,1.0,1,0.0,0.0,0.0,0.0,0.0,206.8721429,0.0,0.0,0.0,0.0,0.0,75.0,75.0,1,1,92.92857143,92.92857143,0.0,0.0,92.92857143,2,2,0,0,2,206.8721429,0.0,0.0,0.0,0.0,0.0,1.0,3.908406063033543
1120,37.0,178,1.0,1,0.0,0.0,0.0,0.0,0.0,10688.8075,0.0,0.0,0.0,0.0,0.0,35.71428571,35.71428571,1,1,34.64,34.64,10.71428571,23.92571429,0.0,2,2,1,1,0,10688.8075,0.0,0.0,0.0,0.0,0.0,1.0,3.9181965971306405
1080,48.0,122,0.0,1,0.0,0.0,0.0,0.0,0.0,4019.534286,0.0,0.0,0.0,0.0,0.0,0.0,0.0,0,0,0.8939285714,0.8939285714,0.0,0.0,0.0,1,1,0,0,0,4019.534286,0.0,0.0,0.0,0.0,0.0,1.0,3.910012125884033
326,33.0,129,1.0,1,0.0,1.0,0.0,0.0,0.0,30.425,0.0,0.0,0.0,0.0,0.0,0.02285714286,0.02285714286,1,1,757.0714286,757.0714286,0.0,0.0,752.9642857000001,3,3,0,0,2,30.425,0.0,0.0,0.0,0.0,0.0,1.0,3.9110344394838634
357,5.0,39,1.0,1,0.0,0.0,0.0,0.0,0.0,296.3975,0.0,0.0,0.0,0.0,0.0,0.002857142857,0.002857142857,1,1,349.83214289999995,349.83214289999995,0.0,0.0,0.0,3,3,0,0,0,296.3975,0.0,0.0,0.0,0.0,0.0,1.0,3.897906616727252
1525,45.0,2,1.0,1,1.0,0.0,0.0,0.0,0.0,2788.490357,1988.278571,0.0,0.0,0.0,0.0,1758.315714,1744.774643,4,2,998.0253571000001,998.0253571000001,0.0,0.0,994.2039286,9,9,0,0,8,2788.490357,1988.278571,0.0,0.0,0.0,0.0,1.0,3.892519807221298
98,51.0,150,1.0,1,0.0,0.0,1.0,0.0,0.0,468.46964289999994,0.0,0.0,0.0,0.0,0.0,153.5721429,153.5721429,5,5,236.5885714,236.5885714,0.0,7.16,226.03571430000002,7,7,0,1,5,468.46964289999994,0.0,0.0,0.0,0.0,0.0,1.0,3.9141026575960973
1578,30.0,131,1.0,1,0.0,0.0,0.0,0.0,0.0,125.0478571,0.0,0.0,0.0,0.0,0.0,470.50428569999997,470.50428569999997,2,2,586.9057142999999,586.9057142999999,89.28571429,160.5128571,333.7142857,22,22,2,12,7,125.0478571,0.0,0.0,0.0,0.0,0.0,1.0,3.91132656817786
1324,48.0,225,1.0,1,1.0,2.0,0.0,0.0,0.0,16287.627859999999,0.0,11404.145359999999,0.0,0.0,0.0,358.5242857,357.145,3,2,22.78571429,22.78571429,0.0,0.0,21.46428571,3,3,0,0,2,16287.627859999999,0.0,5702.0726799999975,0.0,0.0,0.0,1.0,3.9250762359713303
1147,38.0,164,0.0,1,0.0,0.0,0.0,0.0,0.0,27.19535714,0.0,0.0,0.0,0.0,0.0,673.8225,673.8225,6,6,648.3921429,648.3921429,10.71428571,0.0,633.9635714,17,17,1,0,15,27.19535714,0.0,0.0,0.0,0.0,0.0,1.0,3.916149201208174
55,51.0,137,0.0,1,0.0,0.0,0.0,0.0,0.0,735.1589286000003,0.0,0.0,0.0,0.0,0.0,1124.046071,1124.046071,5,5,1104.1785710000001,1104.1785710000001,0.0,0.0,1098.5,13,13,0,0,6,735.1589286000003,0.0,0.0,0.0,0.0,0.0,1.0,3.9122030585261434
1319,22.0,79,0.0,1,0.0,0.0,0.0,0.0,0.0,232.7953571,0.0,0.0,0.0,0.0,0.0,738.46,738.46,2,2,970.5607143,970.5607143,0.0,0.0,210.0,8,8,0,0,3,232.7953571,0.0,0.0,0.0,0.0,0.0,1.0,3.903736866645242
59,32.0,149,0.0,1,0.0,0.0,0.0,0.0,0.0,5676.246429,0.0,0.0,0.0,0.0,0.0,449.7532143,449.7532143,2,2,85.44285714,85.44285714,0.0,0.0,0.0,2,2,0,0,0,5676.246429,0.0,0.0,0.0,0.0,0.0,1.0,3.9139565085140635
769,31.0,64,0.0,1,1.0,0.0,0.0,0.0,0.0,265.3528571,6097.246429,0.0,0.0,0.0,0.0,2.491428571,0.006785714286,2,1,864.3928571,864.3928571,0.0,0.0,861.8928571,8,8,0,0,7,265.3528571,6097.246429,0.0,0.0,0.0,0.0,1.0,3.901549710079959
1594,22.0,110,1.0,1,0.0,0.0,1.0,0.0,0.0,9218.796070999999,0.0,0.0,248.4846429,0.0,0.0,882.075,882.075,2,2,823.3210713999997,823.3210713999997,714.2857142999999,0.0,105.21392859999999,8,8,2,0,5,9218.796070999999,0.0,0.0,248.4846429,0.0,0.0,1.0,3.9082600833724834
419,33.0,82,0.0,1,0.0,0.0,1.0,0.0,0.0,352.78214289999994,0.0,0.0,0.0,0.0,0.0,1406.490714,934.3846428999999,7,5,1404.483571,934.3846428999999,0.0,0.0,0.0,9,5,0,0,0,352.78214289999994,0.0,0.0,0.0,0.0,0.0,1.0,3.9041744150580335
467,83.0,3,0.0,1,0.0,0.0,0.0,0.0,0.0,355.5842857,0.0,0.0,0.0,0.0,0.0,223.0225,223.0225,6,6,227.3571429,227.3571429,0.0,0.0,225.3928571,3,3,0,0,2,355.5842857,0.0,0.0,0.0,0.0,0.0,1.0,3.8926653187408693
933,17.0,102,0.0,1,0.0,0.0,1.0,0.0,0.0,1624.863214,0.0,0.0,0.0,0.0,0.0,1417.8614289999994,1417.8614289999994,5,5,579.9289286000002,579.9289286000002,35.71428571,276.3932143,267.8214286,19,19,1,14,4,1624.863214,0.0,0.0,0.0,0.0,0.0,1.0,3.9070924023687565
99,68.0,150,0.0,1,0.0,12.0,0.0,0.0,0.0,22.89857143,0.0,4689.070357,0.0,0.0,0.0,1807.352857,1807.352857,5,5,1669.2364289999994,1669.2364289999994,0.0,951.415,698.7142857000001,34,34,0,17,15,22.89857143,0.0,390.7558630833333,0.0,0.0,0.0,1.0,3.9141026575960973
967,27.0,152,0.0,1,0.0,0.0,0.0,0.0,0.0,886.8014286,0.0,0.0,0.0,0.0,0.0,4622.691786,4622.691786,9,9,6446.189286,6446.189286,0.0,0.0,4300.975,15,15,0,0,13,886.8014286,0.0,0.0,0.0,0.0,0.0,1.0,3.9143949688004316
471,29.0,38,0.0,1,0.0,0.0,0.0,0.0,0.0,1923.280357,0.0,0.0,0.0,0.0,0.0,464.29607139999996,464.29607139999996,3,3,315.7707143,315.7707143,239.28571430000002,76.485,0.0,14,14,7,7,0,1923.280357,0.0,0.0,0.0,0.0,0.0,1.0,3.897760949327566
423,52.0,151,0.0,1,0.0,0.0,0.0,0.0,0.0,13.65,0.0,0.0,0.0,0.0,0.0,298.9546428999999,298.9546428999999,1,1,292.635,292.635,0.0,0.0,0.0,3,3,0,0,0,13.65,0.0,0.0,0.0,0.0,0.0,1.0,3.9142488110248443
12,45.0,155,1.0,1,0.0,0.0,0.0,0.0,0.0,1075.475,0.0,0.0,0.0,0.0,0.0,466.80035710000004,466.80035710000004,3,3,770.2510714,770.2510714,285.7142857,393.60821430000004,87.53571429,19,19,1,13,4,1075.475,0.0,0.0,0.0,0.0,0.0,1.0,3.914833468209536
1252,44.0,152,1.0,1,2.0,2.0,0.0,0.0,0.0,95.57821429,12681.21071,0.0,0.0,0.0,0.0,134.23678569999998,134.15,4,3,534.3571429,534.3571429,357.14285710000007,0.0,177.0,3,3,1,0,1,95.57821429,6340.605355,0.0,0.0,0.0,0.0,1.0,3.9143949688004316
1566,4.0,33,1.0,1,0.0,0.0,1.0,0.0,0.0,4024.2892859999997,0.0,0.0,0.0,0.0,0.0,628.2885714,628.2885714,3,3,414.075,414.075,0.0,168.9678571,241.28571430000002,12,12,0,7,4,4024.2892859999997,0.0,0.0,0.0,0.0,0.0,1.0,3.897032677310415
1310,36.0,104,1.0,1,0.0,0.0,0.0,0.0,0.0,4018.2067859999997,0.0,0.0,0.0,0.0,0.0,510.87035710000004,510.87035710000004,3,3,1002.6714289999999,1002.6714289999999,0.0,0.0,991.9571429,16,16,0,0,14,4018.2067859999997,0.0,0.0,0.0,0.0,0.0,1.0,3.9073842965740386
1148,70.0,152,0.0,1,1.0,0.0,0.0,1.0,0.0,83.90107143,569.4092857,0.0,0.0,808.1078571,0.0,7451.794643000001,7436.7346430000025,4,3,1346.4285710000001,1346.4285710000001,0.0,0.0,1328.5714289999999,4,4,0,0,3,83.90107143,569.4092857,0.0,0.0,808.1078571,0.0,1.0,3.9143949688004316
1173,35.0,65,0.0,1,0.0,0.0,0.0,0.0,0.0,2501.676071,0.0,0.0,0.0,0.0,0.0,557.9289286000002,557.9289286000002,4,4,562.1071429,562.1071429,557.1428571,0.0,0.0,6,6,3,0,0,2501.676071,0.0,0.0,0.0,0.0,0.0,1.0,3.901695490163571
728,37.0,158,0.0,1,0.0,0.0,0.0,0.0,0.0,1194.797143,0.0,0.0,0.0,0.0,0.0,443.09785710000006,443.09785710000006,2,2,27.39285714,27.39285714,0.0,0.0,25.0,3,3,0,0,2,1194.797143,0.0,0.0,0.0,0.0,0.0,1.0,3.9152720067448663
1054,10.0,20,1.0,1,0.0,0.0,0.0,0.0,0.0,1098.023929,0.0,0.0,0.0,0.0,0.0,1616.3060710000002,1616.3060710000002,2,2,1893.565357,1893.565357,178.5714286,150.2796429,1550.4285710000001,21,21,1,10,8,1098.023929,0.0,0.0,0.0,0.0,0.0,1.0,3.8951396768243596
201,68.0,34,1.0,2,0.0,0.0,0.0,0.0,0.0,5112.8564289999995,0.0,0.0,0.0,0.0,0.0,475.3592857,475.3592857,2,2,837.0035713999997,837.0035713999997,464.2857143,0.0,0.0,6,6,3,0,0,2556.4282144999997,0.0,0.0,0.0,0.0,0.0,1.0,3.8971783230501043
206,83.0,205,1.0,1,1.0,0.0,0.0,0.0,0.0,11335.07071,22893.82286,0.0,0.0,0.0,0.0,371.43714289999997,0.0,3,0,755.5357142999999,0.0,0.0,0.0,41.25,3,0,0,0,2,11335.07071,22893.82286,0.0,0.0,0.0,0.0,1.0,3.9221475546296114
1516,40.0,192,0.0,1,0.0,0.0,0.0,1.0,0.0,1471.539286,0.0,0.0,0.0,0.0,0.0,1379.6917859999999,949.7407142999999,11,4,1943.851071,1572.6385710000006,160.71428569999995,364.9267857,1408.531429,41,13,2,23,10,1471.539286,0.0,0.0,0.0,0.0,0.0,1.0,3.9202448457184538
217,17.0,152,1.0,1,1.0,0.0,0.0,0.0,0.0,8134.3614290000005,0.0,0.0,0.0,0.0,0.0,11454.82286,0.04357142857,3,1,11430.35714,11430.35714,0.0,0.0,11428.57143,2,2,0,0,1,8134.3614290000005,0.0,0.0,0.0,0.0,0.0,1.0,3.9143949688004316
1405,24.0,103,1.0,1,0.0,0.0,0.0,0.0,0.0,10056.746070000001,0.0,0.0,0.0,0.0,0.0,270.1510714,270.1510714,2,2,224.905,224.905,0.0,0.8903571429000001,220.62178569999998,7,7,0,1,5,10056.746070000001,0.0,0.0,0.0,0.0,0.0,1.0,3.907238347301078
659,40.0,130,0.0,2,0.0,0.0,0.0,0.0,0.0,1058.2935710000004,0.0,0.0,0.0,0.0,0.0,750.0021429,750.0021429,2,2,798.3071428999997,798.3071428999997,0.0,0.0,189.9285714,5,5,0,0,2,529.1467855000002,0.0,0.0,0.0,0.0,0.0,1.0,3.911180501658799
1321,44.0,180,1.0,1,0.0,0.0,0.0,0.0,0.0,25.19535714,0.0,0.0,0.0,0.0,0.0,354.57785710000013,354.57785710000013,3,3,560.5357142999999,560.5357142999999,557.1428571,0.0,0.0,4,4,3,0,0,25.19535714,0.0,0.0,0.0,0.0,0.0,1.0,3.9184891518594753
1540,64.0,63,1.0,1,0.0,0.0,1.0,0.0,0.0,764.3778571,0.0,0.0,0.0,0.0,0.0,357.1435714,357.1435714,3,3,357.60107139999997,357.60107139999997,0.0,2.243928571,214.28571430000002,6,6,0,1,1,764.3778571,0.0,0.0,0.0,0.0,0.0,1.0,3.901403934331957
1074,21.0,49,1.0,1,0.0,0.0,0.0,0.0,0.0,1218.1325,0.0,0.0,0.0,0.0,0.0,21.42857143,21.42857143,1,1,21.28571429,21.28571429,0.0,0.0,17.89285714,2,2,0,0,1,1218.1325,0.0,0.0,0.0,0.0,0.0,1.0,3.899363529026613
338,27.0,152,0.0,1,0.0,0.0,0.0,0.0,0.0,1889.411429,0.0,0.0,0.0,0.0,0.0,608.7025,608.7025,4,4,870.1785714,870.1785714,0.0,411.14285710000007,452.57142860000016,11,11,0,2,6,1889.411429,0.0,0.0,0.0,0.0,0.0,1.0,3.9143949688004316
3,17.0,140,1.0,1,0.0,1.0,0.0,0.0,0.0,482.65464289999994,0.0,107.25178570000001,0.0,0.0,0.0,1607.149643,1607.149643,4,4,123.75,123.75,0.0,112.8571429,10.67857143,3,3,0,1,1,482.65464289999994,0.0,107.25178570000001,0.0,0.0,0.0,1.0,3.9126413623564704
1112,45.0,134,0.0,1,2.0,0.0,0.0,0.0,0.0,42.06607143,28543.7175,0.0,0.0,0.0,0.0,779.8142857,779.8142857,2,2,394.2785714,394.2785714,0.0,0.0,0.0,3,3,0,0,0,42.06607143,14271.85875,0.0,0.0,0.0,0.0,1.0,3.9117647938011038
664,63.0,121,1.0,2,0.0,0.0,0.0,0.0,0.0,1407.642143,0.0,0.0,0.0,0.0,0.0,892.5410714,892.5410714,3,3,591.4285714,591.4285714,0.0,0.0,588.9285714,7,7,0,0,6,703.8210715,0.0,0.0,0.0,0.0,0.0,1.0,3.9098660984574654
1507,43.0,98,0.0,1,1.0,0.0,0.0,0.0,0.0,4623.956786,29.37321429,0.0,0.0,0.0,0.0,462.5657143,444.23321430000004,3,2,245.03571430000002,245.03571430000002,0.0,0.0,245.03571430000002,5,5,0,0,5,4623.956786,29.37321429,0.0,0.0,0.0,0.0,1.0,3.906508666043294
594,35.0,33,1.0,2,1.0,0.0,0.0,0.0,0.0,3.8310714289999996,223.8189286,0.0,0.0,0.0,0.0,1014.93,1014.7339289999999,5,4,717.6428571,717.6428571,0.0,0.0,714.25,10,10,0,0,9,1.9155357144999998,223.8189286,0.0,0.0,0.0,0.0,1.0,3.897032677310415
1441,49.0,97,0.0,1,0.0,0.0,0.0,0.0,0.0,116.2875,0.0,0.0,0.0,0.0,0.0,510.0760714,510.0760714,2,2,823.6071429,823.6071429,750.0,0.0,71.42857143,11,11,4,0,2,116.2875,0.0,0.0,0.0,0.0,0.0,1.0,3.906362742812239
738,49.0,123,1.0,1,0.0,0.0,0.0,0.0,0.0,1953.785714,0.0,0.0,0.0,0.0,0.0,0.02107142857,0.02107142857,1,1,699.9214286,699.9214286,0.0,0.0,0.0,3,3,0,0,0,1953.785714,0.0,0.0,0.0,0.0,0.0,1.0,3.9101581576536932
766,32.0,95,1.0,1,0.0,0.0,0.0,0.0,0.0,497.9189286,0.0,0.0,0.0,0.0,0.0,25314.01286,25314.01286,5,5,398.39285710000007,398.39285710000007,0.0,0.0,396.0,6,6,0,0,5,497.9189286,0.0,0.0,0.0,0.0,0.0,1.0,3.9060709093695962
283,27.0,104,1.0,1,0.0,0.0,0.0,0.0,0.0,571.7292857000001,0.0,0.0,0.0,0.0,0.0,0.001071428571,0.001071428571,1,1,16.23928571,16.23928571,10.71428571,4.275,0.0,5,5,2,2,0,571.7292857000001,0.0,0.0,0.0,0.0,0.0,1.0,3.9073842965740386
1366,32.0,33,0.0,1,0.0,0.0,1.0,0.0,0.0,47.16107143,0.0,0.0,0.0,0.0,0.0,597.2864286,597.2864286,3,3,631.8928571,631.8928571,142.8571429,21.17857143,457.35714289999993,18,18,1,1,14,47.16107143,0.0,0.0,0.0,0.0,0.0,1.0,3.897032677310415
902,40.0,212,0.0,1,0.0,0.0,0.0,0.0,0.0,13482.236069999999,0.0,0.0,0.0,0.0,0.0,357.16214289999994,357.16214289999994,2,2,95.89285714,95.89285714,35.71428571,58.92857143,0.0,4,4,1,2,0,13482.236069999999,0.0,0.0,0.0,0.0,0.0,1.0,3.9231723949470005
818,76.0,173,1.0,1,0.0,0.0,0.0,0.0,0.0,1381.6385710000006,0.0,0.0,0.0,0.0,0.0,528.4346429,528.4346429,2,2,478.20464289999995,478.20464289999995,0.0,140.33928569999998,334.4725,14,14,0,6,7,1381.6385710000006,0.0,0.0,0.0,0.0,0.0,1.0,3.917465286437123
1504,37.0,151,1.0,1,0.0,1.0,1.0,0.0,0.0,249.1964286,0.0,0.0,0.0,0.0,0.0,6.717857143,5.1625,3,2,10.325,5.1625,0.0,0.0,0.0,4,2,0,0,0,249.1964286,0.0,0.0,0.0,0.0,0.0,1.0,3.9142488110248443
1049,39.0,197,1.0,1,0.0,0.0,0.0,0.0,0.0,329.06107139999995,0.0,0.0,0.0,0.0,0.0,0.007857142857,0.007857142857,1,1,189.7178571,189.7178571,0.0,0.0,0.0,3,3,0,0,0,329.06107139999995,0.0,0.0,0.0,0.0,0.0,1.0,3.920976569779694
1313,76.0,74,1.0,1,0.0,0.0,0.0,0.0,0.0,1041.444643,0.0,0.0,0.0,0.0,0.0,391.3325,391.3325,2,2,589.8575,589.8575,0.0,0.0,587.0360714,9,9,0,0,8,1041.444643,0.0,0.0,0.0,0.0,0.0,1.0,3.9030077060397343
820,66.0,55,0.0,1,0.0,0.0,0.0,0.0,0.0,176.4846429,0.0,0.0,0.0,0.0,0.0,259.82178569999996,259.82178569999996,4,4,158.96428569999995,158.96428569999995,17.85714286,0.0,137.5,4,4,1,0,2,176.4846429,0.0,0.0,0.0,0.0,0.0,1.0,3.90023788441437
484,71.0,90,0.0,1,0.0,0.0,0.0,0.0,0.0,214.9560714,0.0,0.0,0.0,0.0,0.0,760.6121429,760.6121429,9,9,578.2142857000001,578.2142857000001,53.57142857,139.71428569999998,379.42857139999995,29,29,1,15,11,214.9560714,0.0,0.0,0.0,0.0,0.0,1.0,3.9053414017038657
1562,52.0,119,1.0,1,0.0,0.0,0.0,0.0,0.0,270.74571430000003,0.0,0.0,0.0,0.0,0.0,461.8932143,461.8932143,3,3,560.8214286,560.8214286,435.7142857,0.0,121.7142857,6,6,3,0,2,270.74571430000003,0.0,0.0,0.0,0.0,0.0,1.0,3.909574056633096
562,22.0,179,1.0,2,0.0,0.0,1.0,0.0,0.0,2006.015,0.0,0.0,0.0,0.0,0.0,2130.218571,2130.218571,11,11,1837.9675,1837.9675,0.0,0.0,1295.2889289999996,20,20,0,0,18,1003.0075,0.0,0.0,0.0,0.0,0.0,1.0,3.918342872319826
541,81.0,273,0.0,1,0.0,0.0,0.0,0.0,0.0,4.902142857,0.0,0.0,0.0,0.0,0.0,0.00035714285710000004,0.00035714285710000004,1,1,1.964285714,1.964285714,0.0,0.0,0.0,1,1,0,0,0,4.902142857,0.0,0.0,0.0,0.0,0.0,1.0,3.932112182841131
1009,41.0,152,1.0,1,1.0,0.0,0.0,0.0,0.0,73.96714286,0.3785714286,0.0,0.0,0.0,0.0,272.16785710000005,271.43035710000004,5,4,249.46428569999998,249.46428569999998,71.42857143,0.0,175.4285714,7,7,1,0,5,73.96714286,0.3785714286,0.0,0.0,0.0,0.0,1.0,3.9143949688004316
379,69.0,150,1.0,1,1.0,6.0,0.0,0.0,0.0,7.8696428570000005,606.1792857,23214.28571,0.0,0.0,0.0,3.7842857139999997,0.016071428569999997,2,1,1.964285714,1.964285714,0.0,0.0,0.0,1,1,0,0,0,7.8696428570000005,606.1792857,3869.047618333334,0.0,0.0,0.0,1.0,3.9141026575960973
257,45.0,38,1.0,1,0.0,0.0,0.0,0.0,1.0,265.5046429,0.0,0.0,0.0,0.0,9723.523214,1688.7975,1654.1114289999994,7,6,1040.852143,1038.745,0.0,0.0,608.9285714,10,9,0,0,4,265.5046429,0.0,0.0,0.0,0.0,9723.523214,1.0,3.897760949327566
10,29.0,48,0.0,1,1.0,0.0,0.0,0.0,0.0,253.45892859999998,116.70928570000001,0.0,0.0,0.0,0.0,0.024642857140000002,0.0,1,0,0.8928571429000001,0.8928571429000001,0.0,0.0,0.0,1,1,0,0,0,253.45892859999998,116.70928570000001,0.0,0.0,0.0,0.0,1.0,3.899217818297266
293,21.0,76,0.0,1,0.0,0.0,0.0,0.0,0.0,183.7814286,0.0,0.0,0.0,0.0,0.0,537.5003571000002,537.5003571000002,8,8,293.8464286,293.8464286,267.8571429,23.31071429,0.0,11,11,7,2,0,183.7814286,0.0,0.0,0.0,0.0,0.0,1.0,3.90329935727034
781,51.0,188,1.0,1,1.0,0.0,0.0,0.0,0.0,347.4175,3836.268214,0.0,0.0,0.0,0.0,1865.6825,1865.680357,6,5,3002.825357,3002.825357,71.42857143,69.69285714,2860.0075,16,16,2,1,12,347.4175,3836.268214,0.0,0.0,0.0,0.0,1.0,3.9196595448088503
635,35.0,44,0.0,1,0.0,0.0,0.0,0.0,0.0,0.0,0.0,0.0,0.0,0.0,0.0,7.143214286,7.143214286,4,4,0.0,0.0,0.0,0.0,0.0,0,0,0,0,0,0.0,0.0,0.0,0.0,0.0,0.0,1.0,3.898635018714052
1448,24.0,147,0.0,1,0.0,0.0,0.0,0.0,0.0,587.2010713999998,0.0,0.0,0.0,0.0,0.0,0.01,0.01,1,1,0.8928571429000001,0.8928571429000001,0.0,0.0,0.0,1,1,0,0,0,587.2010713999998,0.0,0.0,0.0,0.0,0.0,1.0,3.913664223389614
274,66.0,169,1.0,1,0.0,0.0,0.0,0.0,0.0,30.44428571,0.0,0.0,0.0,0.0,0.0,3571.500357,3571.500357,6,6,4066.9635710000002,4066.9635710000002,0.0,0.0,4047.5,10,10,0,0,6,30.44428571,0.0,0.0,0.0,0.0,0.0,1.0,3.9168803161774415
690,72.0,105,0.0,1,1.0,0.0,0.0,0.0,0.0,86.02428571,4203.438571,0.0,0.0,0.0,0.0,0.1846428571,0.0,1,0,0.8921428571,0.8921428571,0.0,0.0,0.0,1,1,0,0,0,86.02428571,4203.438571,0.0,0.0,0.0,0.0,1.0,3.90753025018777
1241,42.77063642091998,170,0.0,1,0.0,0.0,1.0,0.0,0.0,22939.27,0.0,0.0,0.0,0.0,0.0,186.62,181.25821430000002,5,3,183.945,181.25821430000002,0.0,0.0,0.0,7,5,0,0,0,22939.27,0.0,0.0,0.0,0.0,0.0,1.0,3.917026552218285
852,30.0,199,1.0,1,0.0,0.0,0.0,0.0,0.0,357.1457143,0.0,0.0,0.0,0.0,0.0,694.4614286,694.3239286,5,4,552.3,552.1428571,0.0,0.0,550.6071429,7,6,0,0,5,357.1457143,0.0,0.0,0.0,0.0,0.0,1.0,3.92126928987283
765,44.0,66,0.0,2,0.0,0.0,0.0,0.0,0.0,4.714285714,0.0,0.0,0.0,0.0,0.0,504.00107139999994,504.00107139999994,4,4,558.9639286,558.9639286,0.0,92.49964286,463.07142860000016,11,11,0,5,5,2.357142857,0.0,0.0,0.0,0.0,0.0,1.0,3.901841274582919
431,21.0,208,1.0,1,0.0,0.0,0.0,0.0,0.0,38.55107143,0.0,0.0,0.0,0.0,0.0,0.00035714285710000004,0.00035714285710000004,1,1,1.964285714,1.964285714,0.0,0.0,0.0,1,1,0,0,0,38.55107143,0.0,0.0,0.0,0.0,0.0,1.0,3.922586745782934
923,49.0,226,0.0,1,0.0,0.0,0.0,0.0,0.0,96.08928571,0.0,0.0,0.0,0.0,0.0,1115.146786,1115.146786,2,2,1101.017857,1101.017857,1098.625,0.0,0.0,5,5,2,0,0,96.08928571,0.0,0.0,0.0,0.0,0.0,1.0,3.9252227157721977
532,65.0,125,1.0,1,3.0,0.0,0.0,0.0,0.0,2271.0578570000002,16385.83429,0.0,0.0,0.0,0.0,10716.40036,10714.28714,3,2,21457.96429,10743.67857,0.0,0.0,10742.25,6,5,0,0,4,2271.0578570000002,5461.944763333333,0.0,0.0,0.0,0.0,1.0,3.910450234222813
811,28.0,151,1.0,1,0.0,0.0,0.0,0.0,0.0,1227.868214,0.0,0.0,0.0,0.0,0.0,1185.619643,1185.619643,3,3,1360.892857,1360.892857,0.0,0.0,285.35714289999993,7,7,0,0,5,1227.868214,0.0,0.0,0.0,0.0,0.0,1.0,3.9142488110248443
999,26.0,85,0.0,1,0.0,0.0,0.0,0.0,0.0,26.30392857,0.0,0.0,0.0,0.0,0.0,60.78607143,60.78607143,2,2,56.87142857,56.87142857,53.57142857,2.05,0.0,5,5,3,1,0,26.30392857,0.0,0.0,0.0,0.0,0.0,1.0,3.9046120025121955
485,42.77063642091998,181,1.0,1,0.0,0.0,0.0,0.0,0.0,1748.505357,0.0,0.0,0.0,0.0,0.0,571.4332142999998,571.4332142999998,2,2,563.6964286,563.6964286,0.0,0.0,0.0,3,3,0,0,0,1748.505357,0.0,0.0,0.0,0.0,0.0,1.0,3.9186354357497155
382,29.0,150,1.0,1,1.0,0.0,0.0,0.0,0.0,90.27,46085.245,0.0,0.0,0.0,0.0,0.2096428571,0.00035714285710000004,2,1,17.85714286,17.85714286,17.85714286,0.0,0.0,1,1,1,0,0,90.27,46085.245,0.0,0.0,0.0,0.0,1.0,3.9141026575960973
891,21.0,11,1.0,1,0.0,0.0,1.0,0.0,0.0,1131.623214,0.0,0.0,0.0,0.0,0.0,977.7939286000001,977.7939286000001,7,7,354.92857139999984,354.92857139999984,0.0,0.0,351.5357143,8,8,0,0,7,1131.623214,0.0,0.0,0.0,0.0,0.0,1.0,3.8938295667072476
583,34.0,149,0.0,1,1.0,5.0,0.0,0.0,0.0,271.15392860000003,9.949285714,13062.676790000001,0.0,0.0,0.0,3238.014286,3235.785,31,30,1069.471429,1069.471429,0.0,268.3285714,796.3214286,17,17,0,5,11,271.15392860000003,9.949285714,2612.535358,0.0,0.0,0.0,1.0,3.9139565085140635
1341,32.0,180,1.0,1,0.0,0.0,0.0,0.0,0.0,5413.299286,0.0,0.0,0.0,0.0,0.0,8214.286070999999,8214.286070999999,2,2,8224.285714,8224.285714,0.0,0.0,8214.285714,4,4,0,0,1,5413.299286,0.0,0.0,0.0,0.0,0.0,1.0,3.9184891518594753
1280,48.0,33,0.0,1,0.0,0.0,0.0,0.0,0.0,25191.65,0.0,0.0,0.0,0.0,0.0,142.8575,142.8575,3,3,172.9585714,172.9585714,0.0,169.56571430000002,0.0,5,5,0,4,0,25191.65,0.0,0.0,0.0,0.0,0.0,1.0,3.897032677310415
706,31.0,220,0.0,1,0.0,0.0,0.0,0.0,0.0,1405.127143,0.0,0.0,0.0,0.0,0.0,17.85821429,17.85821429,2,2,55.14285714,55.14285714,53.57142857,0.0,0.0,4,4,2,0,0,1405.127143,0.0,0.0,0.0,0.0,0.0,1.0,3.9243439023106843
340,76.0,80,0.0,1,1.0,0.0,0.0,0.0,0.0,2380.045714,50040.891789999994,0.0,0.0,0.0,0.0,4428.6725,4428.661429,3,2,52.64285714,52.64285714,0.0,49.60714286,0.0,3,3,0,2,0,2380.045714,50040.891789999994,0.0,0.0,0.0,0.0,1.0,3.903882711778458
1105,61.0,152,0.0,1,0.0,0.0,0.0,0.0,0.0,7445.069286,0.0,0.0,0.0,0.0,0.0,468.63464289999996,468.63464289999996,2,2,361.25,361.25,0.0,0.0,0.0,2,2,0,0,0,7445.069286,0.0,0.0,0.0,0.0,0.0,1.0,3.9143949688004316
1349,50.0,229,1.0,1,0.0,0.0,1.0,0.0,0.0,172.2239286,0.0,0.0,0.0,0.0,0.0,142.85821430000001,142.85821430000001,2,2,196.6,196.6,160.71428569999995,35.88571429,0.0,19,19,11,8,0,172.2239286,0.0,0.0,0.0,0.0,0.0,1.0,3.925662181314605
180,56.0,174,0.0,1,0.0,0.0,0.0,0.0,0.0,902.4875,0.0,0.0,0.0,0.0,0.0,500.1935714,500.1935714,2,2,473.82142860000016,473.82142860000016,464.2857143,0.0,7.571428571,10,10,4,0,1,902.4875,0.0,0.0,0.0,0.0,0.0,1.0,3.9176115398759364
224,83.0,175,0.0,1,0.0,1.0,0.0,0.0,0.0,215.4725,0.0,0.0,0.0,0.0,0.0,1370.034643,1370.034643,2,2,0.8928571429000001,0.8928571429000001,0.0,0.0,0.0,1,1,0,0,0,215.4725,0.0,0.0,0.0,0.0,0.0,1.0,3.9177577976645646
1129,42.0,45,0.0,1,0.0,0.0,0.0,0.0,0.0,30969.845,0.0,0.0,0.0,0.0,0.0,206.92892859999998,206.92892859999998,3,3,114.86392859999998,114.86392859999998,0.0,87.25678571,24.21428571,24,24,0,22,1,30969.845,0.0,0.0,0.0,0.0,0.0,1.0,3.8987807121099873
124,68.0,47,1.0,1,0.0,0.0,1.0,0.0,0.0,120.495,0.0,0.0,0.0,0.0,0.0,637.6189286,637.6189286,5,5,456.8696429,456.8696429,0.0,0.0,332.71964289999994,8,8,0,0,5,120.495,0.0,0.0,0.0,0.0,0.0,1.0,3.8990721119014666
1251,53.0,74,1.0,1,0.0,0.0,1.0,0.0,0.0,809.2982142999997,0.0,0.0,0.0,0.0,0.0,582.9289286000002,582.9289286000002,2,2,609.1071429,609.1071429,607.1428571,0.0,0.0,2,2,1,0,0,809.2982142999997,0.0,0.0,0.0,0.0,0.0,1.0,3.9030077060397343
724,39.0,176,0.0,1,0.0,0.0,0.0,0.0,0.0,102.2325,0.0,0.0,0.0,0.0,0.0,0.05035714286,0.05035714286,1,1,2.5303571430000003,2.5303571430000003,0.0,0.0,0.0,2,2,0,0,0,102.2325,0.0,0.0,0.0,0.0,0.0,1.0,3.9179040598031394
1599,25.0,220,1.0,1,0.0,0.0,0.0,0.0,0.0,7321.431070999999,0.0,0.0,0.0,0.0,0.0,44.64285714,44.64285714,2,2,67.85714286,67.85714286,67.85714286,0.0,0.0,2,2,2,0,0,7321.431070999999,0.0,0.0,0.0,0.0,0.0,1.0,3.9243439023106843
440,21.0,86,0.0,2,0.0,0.0,0.0,0.0,0.0,6129.028929,0.0,0.0,0.0,0.0,0.0,3700.501429,3700.501429,4,4,3191.392857,3191.392857,0.0,224.5,278.5,8,8,0,2,4,3064.5144645,0.0,0.0,0.0,0.0,0.0,1.0,3.904757873673379
954,83.0,20,1.0,1,1.0,0.0,0.0,0.0,0.0,32.55928571,1460.8,0.0,0.0,0.0,0.0,538.4432142999998,512.8314286,4,3,890.5714286,890.5714286,285.7142857,0.0,583.9642857000001,12,12,1,0,9,32.55928571,1460.8,0.0,0.0,0.0,0.0,1.0,3.8951396768243596
590,65.0,62,0.0,1,0.0,0.0,0.0,0.0,0.0,183.6292857,0.0,0.0,0.0,0.0,0.0,0.1096428571,0.1096428571,1,1,1.964285714,1.964285714,0.0,0.0,0.0,1,1,0,0,0,183.6292857,0.0,0.0,0.0,0.0,0.0,1.0,3.9012581629194334
19,46.0,94,0.0,1,1.0,0.0,0.0,0.0,0.0,26118.09857,71661.59286,0.0,0.0,0.0,0.0,812.49,812.4714286000003,3,2,148.4467857,148.4467857,0.0,0.0,144.1253571,5,5,0,0,4,26118.09857,71661.59286,0.0,0.0,0.0,0.0,1.0,3.905924999157751
1447,52.0,20,1.0,1,0.0,0.0,1.0,0.0,1.0,13.27857143,0.0,0.0,0.0,0.0,5083.001429,517.4353571,302.035,11,8,464.0342857,302.035,0.0,0.0,49.39285714,16,8,0,0,4,13.27857143,0.0,0.0,0.0,0.0,5083.001429,1.0,3.8951396768243596
458,29.0,149,0.0,1,0.0,0.0,0.0,0.0,0.0,1744.026429,0.0,0.0,0.0,0.0,0.0,11.78642857,11.78642857,2,2,32.14285714,32.14285714,32.14285714,0.0,0.0,2,2,2,0,0,1744.026429,0.0,0.0,0.0,0.0,0.0,1.0,3.9139565085140635
16,46.0,149,1.0,1,1.0,2.0,0.0,0.0,0.0,10015.924640000001,31.65857143,68246.335,0.0,0.0,0.0,394.7125,385.755,3,2,538.8714286000002,538.8714286000002,0.0,59.26428571,479.60714289999993,11,11,0,1,10,10015.924640000001,31.65857143,34123.1675,0.0,0.0,0.0,1.0,3.9139565085140635
196,63.0,75,1.0,1,1.0,0.0,0.0,0.0,0.0,56.39607143,0.045714285710000004,0.0,0.0,0.0,0.0,18350.82214,1353.574286,10,4,1100.1007140000004,1100.1007140000004,375.0,95.46857143,377.92857139999995,21,21,1,3,14,56.39607143,0.045714285710000004,0.0,0.0,0.0,0.0,1.0,3.903153529486523
654,36.0,148,0.0,1,0.0,0.0,0.0,0.0,0.0,1657.383214,0.0,0.0,0.0,0.0,0.0,3035.7214289999997,3035.7214289999997,5,5,3102.823929,3102.823929,161.9821429,195.79857140000001,2370.287143,26,26,1,9,12,1657.383214,0.0,0.0,0.0,0.0,0.0,1.0,3.913810363778612
1222,21.0,39,0.0,1,0.0,0.0,0.0,0.0,0.0,21770.8125,0.0,0.0,0.0,0.0,0.0,405.6907143,405.6907143,5,5,438.39964289999995,438.39964289999995,71.42857143,279.8285714,83.74964286,15,15,1,7,6,21770.8125,0.0,0.0,0.0,0.0,0.0,1.0,3.897906616727252
463,48.0,59,0.0,1,0.0,0.0,1.0,0.0,0.0,182.75821430000002,0.0,0.0,0.0,0.0,0.0,0.00035714285710000004,0.00035714285710000004,1,1,1.964285714,1.964285714,0.0,0.0,0.0,1,1,0,0,0,182.75821430000002,0.0,0.0,0.0,0.0,0.0,1.0,3.9008208746934523
783,26.0,102,1.0,1,0.0,0.0,0.0,0.0,0.0,4765.473571,0.0,0.0,0.0,0.0,0.0,530.9014286,530.9014286,2,2,600.9642857000001,600.9642857000001,0.0,0.0,597.5714286,6,6,0,0,5,4765.473571,0.0,0.0,0.0,0.0,0.0,1.0,3.9070924023687565
1489,80.0,66,1.0,1,0.0,0.0,0.0,0.0,0.0,6168.959643,0.0,0.0,0.0,0.0,0.0,41.25035714,41.25035714,3,3,38.925,38.925,28.57142857,10.35357143,0.0,9,9,5,4,0,6168.959643,0.0,0.0,0.0,0.0,0.0,1.0,3.901841274582919
138,47.0,79,1.0,1,0.0,0.0,0.0,0.0,0.0,114.59142859999999,0.0,0.0,0.0,0.0,0.0,182.1589286,182.1589286,2,2,123.6071429,123.6071429,0.0,0.0,121.42857140000001,2,2,0,0,1,114.59142859999999,0.0,0.0,0.0,0.0,0.0,1.0,3.903736866645242
1281,40.0,15,0.0,1,0.0,0.0,0.0,0.0,0.0,7241.1389290000025,0.0,0.0,0.0,0.0,0.0,750.0007142999997,750.0007142999997,3,3,770.6714286,770.6714286,0.0,0.0,574.8214286,11,11,0,0,8,7241.1389290000025,0.0,0.0,0.0,0.0,0.0,1.0,3.894411794577032
948,31.0,182,1.0,1,0.0,0.0,0.0,0.0,3.0,2574.7775,0.0,0.0,0.0,0.0,13012.385709999999,994.365,913.1789286000001,3,2,921.4285714,915.2142857000001,803.5714286,0.0,0.0,5,3,1,0,0,2574.7775,0.0,0.0,0.0,0.0,4337.461903333333,1.0,3.918781723990678
513,40.0,152,1.0,1,0.0,0.0,0.0,0.0,0.0,29.48571429,0.0,0.0,0.0,0.0,0.0,107.1432143,107.1432143,2,2,135.6432143,135.6432143,0.0,12.71428571,115.78607140000001,4,4,0,1,2,29.48571429,0.0,0.0,0.0,0.0,0.0,1.0,3.9143949688004316
727,53.0,209,0.0,1,1.0,1.0,0.0,0.0,0.0,48.93357143,35768.388569999996,14484.08393,0.0,0.0,0.0,720.1192857000003,719.3360713999997,9,7,262.8571429,262.8571429,0.0,0.0,262.6428571,9,9,0,0,8,48.93357143,35768.388569999996,14484.08393,0.0,0.0,0.0,1.0,3.9227331515423014
229,74.0,141,1.0,2,0.0,0.0,0.0,0.0,0.0,264.9557143,0.0,0.0,0.0,0.0,0.0,178.6228571,178.6228571,2,2,19.82142857,19.82142857,0.0,0.0,17.85714286,2,2,0,0,1,132.47785715,0.0,0.0,0.0,0.0,0.0,1.0,3.912787472323913
161,46.0,103,0.0,1,1.0,2.0,0.0,0.0,0.0,154.92928569999995,86.97535714,32280.21393,0.0,0.0,0.0,14.53285714,2.147142857,23,2,1.968571429,0.0,0.0,0.0,0.0,20,0,0,0,0,154.92928569999995,86.97535714,16140.106965,0.0,0.0,0.0,1.0,3.907238347301078
710,33.0,179,0.0,1,0.0,0.0,0.0,0.0,0.0,1026.117857,0.0,0.0,0.0,0.0,0.0,492.6075,492.6075,6,6,487.9142857,487.9142857,432.14285710000007,55.77142857,0.0,20,20,10,10,0,1026.117857,0.0,0.0,0.0,0.0,0.0,1.0,3.918342872319826
1530,22.0,153,0.0,1,0.0,0.0,0.0,0.0,0.0,14404.76786,0.0,0.0,0.0,0.0,0.0,1026.1632140000004,1026.1632140000004,3,3,1671.967857,1671.967857,1517.857143,0.0,13.42857143,10,10,4,0,1,14404.76786,0.0,0.0,0.0,0.0,0.0,1.0,3.9145411309229905
1359,40.0,60,1.0,1,1.0,0.0,0.0,0.0,0.0,6202.357857,1269.0867859999996,0.0,0.0,0.0,0.0,0.20464285710000002,0.002857142857,2,1,202.30142859999998,202.30142859999998,32.14285714,52.58714286,117.3571429,7,7,1,4,1,6202.357857,1269.0867859999996,0.0,0.0,0.0,0.0,1.0,3.90096663310031
1468,36.0,152,1.0,1,0.0,0.0,1.0,0.0,0.0,178.5714286,0.0,0.0,0.0,0.0,0.0,0.00035714285710000004,0.00035714285710000004,1,1,3.392857143,3.392857143,0.0,0.0,0.0,1,1,0,0,0,178.5714286,0.0,0.0,0.0,0.0,0.0,1.0,3.9143949688004316
1458,38.0,152,1.0,1,0.0,0.0,0.0,0.0,1.0,717.5417857000001,0.0,0.0,0.0,0.0,6734.996786,1400.993214,1332.3225,24,23,1372.930714,1363.4664289999996,0.0,384.4971429,646.3928571,33,31,0,10,14,717.5417857000001,0.0,0.0,0.0,0.0,6734.996786,1.0,3.9143949688004316
1491,19.0,151,1.0,1,0.0,0.0,1.0,0.0,0.0,15886.91179,0.0,0.0,0.0,0.0,0.0,1266.17,1265.748214,4,3,1286.7071429999999,1286.285357,496.42857139999995,0.0,785.0778571000003,11,10,3,0,3,15886.91179,0.0,0.0,0.0,0.0,0.0,1.0,3.9142488110248443
1124,55.0,152,1.0,1,0.0,0.0,0.0,0.0,0.0,4570.134643,0.0,0.0,0.0,0.0,0.0,392.22785710000005,392.22785710000005,3,3,693.7857142999999,693.7857142999999,535.7142857,0.0,158.0714286,6,6,2,0,4,4570.134643,0.0,0.0,0.0,0.0,0.0,1.0,3.9143949688004316
61,14.0,159,0.0,1,0.0,0.0,0.0,0.0,0.0,232.8353571,0.0,0.0,0.0,0.0,0.0,0.00035714285710000004,0.00035714285710000004,1,1,0.8928571429000001,0.8928571429000001,0.0,0.0,0.0,1,1,0,0,0,232.8353571,0.0,0.0,0.0,0.0,0.0,1.0,3.915418194951964
28,18.0,28,0.0,1,0.0,0.0,0.0,0.0,0.0,14.60678571,0.0,0.0,0.0,0.0,0.0,926.7871428999999,926.7871428999999,2,2,979.5214286,979.5214286,0.0,19.2,565.3214286,9,9,0,1,6,14.60678571,0.0,0.0,0.0,0.0,0.0,1.0,3.8963045135835914
1587,40.0,13,0.0,1,0.0,0.0,0.0,0.0,0.0,7251.733929000001,0.0,0.0,0.0,0.0,0.0,150.0532143,150.0532143,3,3,3152.661071,3152.661071,71.42857143,110.8753571,2968.071429,9,9,1,2,5,7251.733929000001,0.0,0.0,0.0,0.0,0.0,1.0,3.8941206719840653
439,67.0,104,0.0,1,0.0,0.0,0.0,0.0,0.0,26.425,0.0,0.0,0.0,0.0,0.0,0.0175,0.0175,1,1,0.8928571429000001,0.8928571429000001,0.0,0.0,0.0,1,1,0,0,0,26.425,0.0,0.0,0.0,0.0,0.0,1.0,3.9073842965740386
330,34.0,2,1.0,1,0.0,1.0,0.0,0.0,0.0,380.0489286,0.0,0.0,0.0,0.0,0.0,18693.25429,18693.25429,3,3,17948.5,17948.5,0.0,0.0,17946.42857,4,4,0,0,3,380.0489286,0.0,0.0,0.0,0.0,0.0,1.0,3.892519807221298
265,26.0,179,0.0,1,0.0,0.0,0.0,0.0,0.0,17.79571429,0.0,0.0,0.0,0.0,0.0,1947.878929,1947.878929,8,8,3.392857143,3.392857143,0.0,0.0,0.0,1,1,0,0,0,17.79571429,0.0,0.0,0.0,0.0,0.0,1.0,3.918342872319826
1395,41.0,64,0.0,1,0.0,0.0,0.0,0.0,0.0,926.2092857000001,0.0,0.0,0.0,0.0,0.0,527.5746429,527.5746429,2,2,420.1642857,420.1642857,307.14285710000007,107.0928571,0.0,19,19,6,8,0,926.2092857000001,0.0,0.0,0.0,0.0,0.0,1.0,3.901549710079959
410,17.0,27,1.0,1,1.0,1.0,0.0,0.0,0.0,156.8464286,6231.4414289999995,10837.75214,0.0,0.0,0.0,12.18035714,0.02107142857,2,1,8.928571429,8.928571429,0.0,0.0,0.0,1,1,0,0,0,156.8464286,6231.4414289999995,10837.75214,0.0,0.0,0.0,1.0,3.896158893831648
345,56.0,111,1.0,1,0.0,0.0,1.0,0.0,0.0,11166.44607,0.0,0.0,0.0,0.0,0.0,2110.190714,2110.190714,4,4,2117.182143,2117.182143,28.57142857,17.82142857,1470.714286,8,8,1,1,2,11166.44607,0.0,0.0,0.0,0.0,0.0,1.0,3.908406063033543
9,33.0,182,0.0,1,0.0,0.0,1.0,0.0,0.0,510.1664286,0.0,0.0,0.0,0.0,0.0,527.175,379.79107139999996,6,4,415.4607143,375.70535710000007,53.57142857,0.0,170.71428569999995,10,7,1,0,3,510.1664286,0.0,0.0,0.0,0.0,0.0,1.0,3.918781723990678
1107,13.0,151,0.0,1,1.0,0.0,1.0,0.0,0.0,100.9821429,2115.6203570000002,0.0,0.0,0.0,0.0,0.002142857143,0.002142857143,1,1,12.34214286,12.34214286,0.0,10.37785714,0.0,2,2,0,1,0,100.9821429,2115.6203570000002,0.0,0.0,0.0,0.0,1.0,3.9142488110248443
788,62.0,94,0.0,1,1.0,2.0,0.0,0.0,0.0,36.99178571,7139.7625,0.0,0.0,0.0,0.0,3.380357143,0.001785714286,2,1,363.75,363.75,0.0,0.0,178.5714286,3,3,0,0,1,36.99178571,7139.7625,0.0,0.0,0.0,0.0,1.0,3.905924999157751
394,42.77063642091998,150,1.0,1,0.0,0.0,1.0,0.0,1.0,3770.360357,0.0,0.0,0.0,0.0,2557.0525,1916.1732140000001,1447.920357,29,24,1897.702857,1378.9975,0.0,349.5678571,525.1607143,53,33,0,18,9,3770.360357,0.0,0.0,0.0,0.0,2557.0525,1.0,3.9141026575960973
1606,47.0,78,1.0,1,0.0,0.0,0.0,0.0,1.0,2366.576786,0.0,0.0,0.0,0.0,270.19678569999996,1381.8653570000001,1325.935714,6,5,589.6632142999998,580.4846428999998,0.0,129.3182143,219.6428571,19,17,0,7,5,2366.576786,0.0,0.0,0.0,0.0,270.19678569999996,1.0,3.9035910258495705
1550,47.0,16,1.0,1,0.0,0.0,1.0,0.0,0.0,6233.727143,0.0,0.0,0.0,0.0,0.0,1110.636429,673.0503571,15,13,917.5292857000001,673.0503571,17.85714286,0.0,215.96428569999998,25,13,1,0,9,6233.727143,0.0,0.0,0.0,0.0,0.0,1.0,3.8945573623673924
1487,52.0,68,1.0,1,1.0,0.0,0.0,0.0,0.0,8193.206070999999,58108.25857000001,0.0,0.0,0.0,0.0,1115.878214,1115.878214,3,3,643.8928571,643.8928571,250.0,0.0,391.5,9,9,2,0,6,8193.206070999999,58108.25857000001,0.0,0.0,0.0,0.0,1.0,3.9021328564293447
813,57.0,150,0.0,1,1.0,0.0,1.0,0.0,0.0,20.41321429,29215.98036,0.0,306.9214286,0.0,0.0,257.8232143,253.43678569999997,3,2,14.21428571,14.21428571,0.0,0.0,10.82142857,2,2,0,0,1,20.41321429,29215.98036,0.0,306.9214286,0.0,0.0,1.0,3.9141026575960973
25,97.0,181,0.0,1,0.0,0.0,0.0,0.0,0.0,79.38107143,0.0,0.0,0.0,0.0,0.0,813.67,813.67,4,4,325.21785710000006,325.21785710000006,121.42857140000001,202.5392857,0.0,19,19,5,13,0,79.38107143,0.0,0.0,0.0,0.0,0.0,1.0,3.9186354357497155
1521,27.0,56,1.0,2,0.0,0.0,0.0,0.0,0.0,550.2889286000002,0.0,0.0,0.0,0.0,0.0,933.1814286,933.1814286,2,2,1038.142857,1038.142857,1035.714286,0.0,0.0,3,3,2,0,0,275.14446430000004,0.0,0.0,0.0,0.0,0.0,1.0,3.9003836254821453
650,22.0,89,1.0,1,0.0,0.0,0.0,0.0,0.0,2589.637857,0.0,0.0,0.0,0.0,0.0,339.29607139999996,339.29607139999996,2,2,2.857142857,2.857142857,0.0,0.0,0.0,2,2,0,0,0,2589.637857,0.0,0.0,0.0,0.0,0.0,1.0,3.905195513188122
62,51.0,113,1.0,1,0.0,0.0,0.0,0.0,0.0,317.9525,0.0,0.0,0.0,0.0,0.0,321.4332143000001,321.4332143000001,2,2,261.5,261.5,139.28571430000002,0.0,111.5,4,4,2,0,1,317.9525,0.0,0.0,0.0,0.0,0.0,1.0,3.908698035380809
640,33.0,132,0.0,1,1.0,0.0,0.0,0.0,0.0,16765.39,3584.685,0.0,0.0,0.0,0.0,10.53857143,0.002142857143,2,1,0.0,0.0,0.0,0.0,0.0,0,0,0,0,0,16765.39,3584.685,0.0,0.0,0.0,0.0,1.0,3.91147263904118
555,29.0,22,0.0,1,0.0,0.0,0.0,0.0,0.0,16.08214286,0.0,0.0,0.0,0.0,0.0,0.00035714285710000004,0.00035714285710000004,1,1,1.964285714,1.964285714,0.0,0.0,0.0,1,1,0,0,0,16.08214286,0.0,0.0,0.0,0.0,0.0,1.0,3.89543086003196
1393,74.0,195,0.0,1,0.0,0.0,0.0,0.0,0.0,142.8628571,0.0,0.0,0.0,0.0,0.0,6484.633929,6484.633929,6,6,5804.123929,5804.123929,0.0,1333.145357,2993.371429,59,59,0,39,16,142.8628571,0.0,0.0,0.0,0.0,0.0,1.0,3.9206838670977273
270,31.0,63,0.0,1,0.0,0.0,0.0,0.0,0.0,101.3267857,0.0,0.0,0.0,0.0,0.0,456.75642860000005,456.75642860000005,3,3,487.57178569999996,487.57178569999996,0.0,145.58928569999995,339.3753571000001,15,15,0,9,5,101.3267857,0.0,0.0,0.0,0.0,0.0,1.0,3.901403934331957
772,68.0,19,1.0,1,1.0,1.0,1.0,0.0,0.0,297.1175,9.593571428999999,0.0,0.0,0.0,0.0,151.3328571,150.2514286,4,2,151.03571430000005,151.03571430000005,0.0,0.0,141.5,6,6,0,0,4,297.1175,9.593571428999999,0.0,0.0,0.0,0.0,1.0,3.8949940917155326
211,44.0,71,0.0,1,1.0,15.0,1.0,0.0,0.0,6047.588214,1610.681429,303.2432143000001,272.93928569999997,0.0,0.0,480.56107139999995,478.3935714,3,2,37.89285714,37.89285714,0.0,0.0,35.71428571,2,2,0,0,1,6047.588214,1610.681429,20.216214286666673,272.93928569999997,0.0,0.0,1.0,3.902570261720239
110,55.0,76,1.0,1,1.0,1.0,0.0,0.0,0.0,62.47035714,1146.4957140000001,0.0,0.0,0.0,0.0,32975.326069999996,18194.535359999998,8,6,18252.57143,395.42857139999995,0.0,0.0,395.42857139999995,8,7,0,0,7,62.47035714,1146.4957140000001,0.0,0.0,0.0,0.0,1.0,3.90329935727034
832,37.0,174,0.0,1,0.0,0.0,0.0,0.0,0.0,458.81107139999995,0.0,0.0,0.0,0.0,0.0,977.4860714,977.4860714,2,2,904.5357142999999,904.5357142999999,535.7142857,0.0,337.85714289999993,12,12,1,0,6,458.81107139999995,0.0,0.0,0.0,0.0,0.0,1.0,3.9176115398759364
1186,45.0,173,0.0,1,0.0,0.0,0.0,0.0,0.0,3307.4125,0.0,0.0,0.0,0.0,0.0,1285.75,1285.75,4,4,2028.208214,2028.208214,692.1185714,1318.344286,0.0,23,23,5,13,0,3307.4125,0.0,0.0,0.0,0.0,0.0,1.0,3.917465286437123
1485,54.0,23,0.0,1,1.0,1.0,0.0,0.0,0.0,180.7721429,5295.096786,0.0,0.0,0.0,0.0,1093.515357,1090.422143,4,3,1031.8214289999999,1031.8214289999999,0.0,0.0,135.5,4,4,0,0,2,180.7721429,5295.096786,0.0,0.0,0.0,0.0,1.0,3.8955764581309906
1559,34.0,11,0.0,1,0.0,0.0,0.0,0.0,0.0,15.71892857,0.0,0.0,0.0,0.0,0.0,812.5014286,812.5014286,2,2,900.2357142999997,900.2357142999997,0.0,0.0,285.7142857,5,5,0,0,2,15.71892857,0.0,0.0,0.0,0.0,0.0,1.0,3.8938295667072476
853,47.0,148,1.0,1,1.0,0.0,1.0,0.0,0.0,3061.968929,19069.400709999998,0.0,0.0,0.0,0.0,639.4228571000001,639.4092857,3,2,1093.7642859999999,1093.7642859999999,571.4285714,30.9,487.15,14,14,1,2,9,3061.968929,19069.400709999998,0.0,0.0,0.0,0.0,1.0,3.913810363778612
798,24.0,102,0.0,1,0.0,0.0,0.0,0.0,0.0,134.40142859999997,0.0,0.0,0.0,0.0,0.0,0.001785714286,0.001785714286,1,1,1.964285714,1.964285714,0.0,0.0,0.0,1,1,0,0,0,134.40142859999997,0.0,0.0,0.0,0.0,0.0,1.0,3.9070924023687565
240,43.0,162,1.0,1,0.0,1.0,0.0,0.0,0.0,299.4692857,0.0,6123.713214,0.0,0.0,0.0,1292.1925,1292.1925,3,3,2156.587143,2156.587143,0.0,0.0,2153.694286,3,3,0,0,2,299.4692857,0.0,6123.713214,0.0,0.0,0.0,1.0,3.9158567856610285
261,18.0,152,0.0,1,0.0,0.0,0.0,0.0,0.0,194.695,0.0,0.0,0.0,0.0,0.0,125.0621429,125.0621429,3,3,140.63821430000002,140.63821430000002,0.0,0.0,134.71428569999998,7,7,0,0,4,194.695,0.0,0.0,0.0,0.0,0.0,1.0,3.9143949688004316
140,25.0,125,1.0,1,0.0,0.0,1.0,0.0,0.0,7337.821785999998,0.0,0.0,0.0,0.0,0.0,3904.183214,3339.3825,11,9,3452.340714,2887.836429,0.0,0.0,2319.642857,7,6,0,0,3,7337.821785999998,0.0,0.0,0.0,0.0,0.0,1.0,3.910450234222813
359,30.0,12,1.0,1,1.0,0.0,1.0,0.0,0.0,491.96214289999995,10719.377859999999,0.0,0.0,0.0,0.0,922.3646428999999,850.9296429,6,3,887.8485714,852.1342857000003,35.71428571,71.42857143,744.9914286000003,14,13,1,1,11,491.96214289999995,10719.377859999999,0.0,0.0,0.0,0.0,1.0,3.893975117181202
1421,43.0,79,0.0,1,0.0,0.0,1.0,0.0,0.0,7480.104643000002,0.0,0.0,428.81392860000005,0.0,0.0,675.3757142999998,675.3757142999998,5,5,728.23,728.23,392.85714289999993,0.0,331.98,12,12,1,0,10,7480.104643000002,0.0,0.0,428.81392860000005,0.0,0.0,1.0,3.903736866645242
1435,44.0,148,0.0,1,0.0,0.0,1.0,0.0,0.0,874.1217857,0.0,0.0,0.0,0.0,0.0,239.57071430000002,239.57071430000002,3,3,263.8128571,263.8128571,178.5714286,85.02714286,0.0,36,36,2,33,0,874.1217857,0.0,0.0,0.0,0.0,0.0,1.0,3.913810363778612
1603,52.0,150,1.0,4,0.0,0.0,0.0,0.0,0.0,54.42678571,0.0,0.0,0.0,0.0,0.0,392.85821430000004,392.85821430000004,4,4,361.10714289999993,361.10714289999993,135.71428569999998,225.3928571,0.0,28,28,7,21,0,13.6066964275,0.0,0.0,0.0,0.0,0.0,1.0,3.9141026575960973
1031,40.0,172,1.0,1,0.0,0.0,0.0,0.0,1.0,173.26392859999999,0.0,0.0,0.0,0.0,2529.5685710000002,583.5907143,506.71714289999994,3,2,673.2857142999999,664.1785714,535.7142857,14.28571429,0.0,11,9,3,1,0,173.26392859999999,0.0,0.0,0.0,0.0,2529.5685710000002,1.0,3.9173190373479967
861,46.0,20,1.0,1,0.0,0.0,0.0,0.0,0.0,736.4207142999999,0.0,0.0,0.0,0.0,0.0,114.28607140000001,114.28607140000001,4,4,110.7142857,110.7142857,110.7142857,0.0,0.0,4,4,4,0,0,736.4207142999999,0.0,0.0,0.0,0.0,0.0,1.0,3.8951396768243596
325,33.0,167,1.0,1,0.0,0.0,0.0,0.0,2.0,38.90178571,0.0,0.0,0.0,0.0,5285.632143,1563.5335710000006,1491.3314289999994,8,7,1536.217857,1535.146429,0.0,0.0,1185.75,18,17,0,0,13,38.90178571,0.0,0.0,0.0,0.0,2642.8160715,1.0,3.9165878571431327
135,24.0,82,1.0,1,0.0,0.0,0.0,0.0,0.0,184.10607140000002,0.0,0.0,0.0,0.0,0.0,0.001785714286,0.001785714286,1,1,169.53821430000005,169.53821430000005,71.42857143,95.60964286,0.0,10,10,4,4,0,184.10607140000002,0.0,0.0,0.0,0.0,0.0,1.0,3.9041744150580335
701,39.0,151,0.0,3,1.0,0.0,0.0,0.0,0.0,0.0,34394.55571,0.0,0.0,0.0,0.0,168.465,168.4646429,4,3,179.0571429,179.0571429,153.5714286,14.77142857,10.71428571,7,7,3,3,1,0.0,34394.55571,0.0,0.0,0.0,0.0,1.0,3.9142488110248443
978,35.0,44,1.0,1,1.0,3.0,0.0,0.0,0.0,139.83892859999997,37869.08536000001,0.0,0.0,0.0,0.0,3.270714286,0.7167857143,3,2,5714.285714,5714.285714,0.0,0.0,0.0,2,2,0,0,0,139.83892859999997,37869.08536000001,0.0,0.0,0.0,0.0,1.0,3.898635018714052
897,51.0,116,0.0,1,1.0,3.0,0.0,0.0,0.0,0.7553571429000001,7567.191786,6511.858929,0.0,0.0,0.0,375.7675,355.65142860000014,4,3,352.2857143,352.2857143,0.0,0.0,352.2857143,7,7,0,0,7,0.7553571429000001,7567.191786,2170.619643,0.0,0.0,0.0,1.0,3.909136026466518
223,30.0,76,1.0,1,0.0,0.0,0.0,0.0,0.0,1899.333214,0.0,0.0,0.0,0.0,0.0,0.5475,0.5475,1,1,81.91035714,81.91035714,0.0,0.0,71.42857143,5,5,0,0,1,1899.333214,0.0,0.0,0.0,0.0,0.0,1.0,3.90329935727034
1090,31.0,33,0.0,1,0.0,0.0,1.0,0.0,0.0,189.7825,0.0,0.0,0.0,0.0,0.0,797.1442857000003,797.1442857000003,4,4,768.6428571,768.6428571,178.5714286,0.0,586.6071429,15,15,1,0,13,189.7825,0.0,0.0,0.0,0.0,0.0,1.0,3.897032677310415
835,66.0,98,0.0,1,0.0,0.0,0.0,0.0,0.0,871.5025,0.0,0.0,0.0,0.0,0.0,382.21535710000006,382.21535710000006,3,3,5.535714286,5.535714286,0.0,0.0,0.0,1,1,0,0,0,871.5025,0.0,0.0,0.0,0.0,0.0,1.0,3.906508666043294
731,21.0,181,0.0,1,0.0,0.0,0.0,0.0,0.0,957.0071429,0.0,0.0,0.0,0.0,0.0,886.7914286,886.7914286,3,3,820.6785714,820.6785714,817.8571429,0.0,0.0,11,11,6,0,0,957.0071429,0.0,0.0,0.0,0.0,0.0,1.0,3.9186354357497155
1123,36.0,192,0.0,1,0.0,0.0,1.0,0.0,0.0,147.5196429,0.0,0.0,0.0,0.0,0.0,572.9035713999998,429.6125,8,6,502.08214289999995,429.6125,0.0,0.0,35.71428571,11,6,0,0,1,147.5196429,0.0,0.0,0.0,0.0,0.0,1.0,3.9202448457184538
117,43.0,153,0.0,4,0.0,0.0,1.0,0.0,0.0,0.0,0.0,0.0,0.0,0.0,0.0,1095.411071,1095.411071,8,8,1232.391071,1232.391071,0.0,522.0407143,705.5289286000003,31,31,0,19,11,0.0,0.0,0.0,0.0,0.0,0.0,1.0,3.9145411309229905
311,20.0,181,1.0,1,0.0,3.0,0.0,0.0,0.0,5780.183929,0.0,22495.411790000002,0.0,0.0,0.0,1204.8660710000001,1204.8660710000001,3,3,724.6314286,724.6314286,0.0,0.0,721.3814286,11,11,0,0,10,5780.183929,0.0,7498.470596666668,0.0,0.0,0.0,1.0,3.9186354357497155
237,40.0,173,1.0,1,0.0,0.0,0.0,0.0,0.0,125.0178571,0.0,0.0,0.0,0.0,0.0,0.05178571428999999,0.05178571428999999,1,1,1.964285714,1.964285714,0.0,0.0,0.0,1,1,0,0,0,125.0178571,0.0,0.0,0.0,0.0,0.0,1.0,3.917465286437123
750,40.0,173,0.0,1,0.0,0.0,0.0,0.0,1.0,710.4925,0.0,0.0,0.0,0.0,2893.026786,1056.9264289999999,1001.36,3,2,1376.6785710000001,1374.5714289999999,0.0,32.10714286,1124.0,17,16,0,1,13,710.4925,0.0,0.0,0.0,0.0,2893.026786,1.0,3.917465286437123
1126,46.0,117,1.0,1,0.0,0.0,0.0,0.0,0.0,1969.3992859999998,0.0,0.0,0.0,0.0,0.0,283.10464289999993,283.10464289999993,2,2,40.28571429,40.28571429,0.0,0.0,39.28571429,2,2,0,0,1,1969.3992859999998,0.0,0.0,0.0,0.0,0.0,1.0,3.9092820321795525
